date	symbol	reportedCurrency	cik	fillingDate	acceptedDate	calendarYear	period	revenue	costOfRevenue	grossProfit	grossProfitRatio	researchAndDevelopmentExpenses	generalAndAdministrativeExpenses	sellingAndMarketingExpenses	sellingGeneralAndAdministrativeExpenses	otherExpenses	operatingExpenses	costAndExpenses	interestIncome	interestExpense	depreciationAndAmortization	ebitda	ebitdaratio	operatingIncome	operatingIncomeRatio	totalOtherIncomeExpensesNet	incomeBeforeTax	incomeBeforeTaxRatio	incomeTaxExpense	netIncome	netIncomeRatio	eps	epsdiluted	weightedAverageShsOut	weightedAverageShsOutDil	link	finalLink
1985-09-30	AAPL	USD	0000320193	1985-09-30	1985-09-30	1985	Q4	409700000	0.0	0.0	0.0	0.0	0.0	0.0	0.0	0.0	0.0	0.0	0.0	0.0	0.0	-1361300000	-3.32268	-1361300000.0	-3.32268	0.0	0.0	0.0	0.0	0.0	0.0	0.0	0.0	13837824000	13837824000		
1985-12-31	AAPL	USD	0000320193	1985-12-31	1985-12-31	1986	Q1	533900000	0.0	0.0	0.0	0.0	0.0	0.0	0.0	0.0	0.0	0.0	0.0	0.0	0.0	533900000	1.0	533900000.0	1.0	0.0	0.0	0.0	0.0	0.0	0.0	0.00411	0.00411	13837824000	13837824000		
1986-03-31	AAPL	USD	0000320193	1986-03-31	1986-03-31	1986	Q2	408900000	0.0	0.0	0.0	0.0	0.0	0.0	0.0	0.0	0.0	0.0	0.0	0.0	0.0	408900000	1.0	408900000.0	1.0	0.0	0.0	0.0	0.0	0.0	0.0	0.00232	0.00232	14033600000	14033600000		
1986-06-30	AAPL	USD	0000320193	1986-06-30	1986-06-30	1986	Q3	448300000	0.0	0.0	0.0	0.0	0.0	0.0	0.0	0.0	0.0	0.0	0.0	0.0	0.0	448300000	1.0	448300000.0	1.0	0.0	0.0	0.0	0.0	0.0	0.0	0.00232	0.00232	14260064000	14260064000		
1986-09-30	AAPL	USD	0000320193	1986-09-30	1986-09-30	1986	Q4	510800000	0.0	0.0	0.0	0.0	0.0	0.0	0.0	0.0	0.0	0.0	0.0	0.0	0.0	-1117600000	-2.18794	-1117600000.0	-2.18794	0.0	0.0	0.0	0.0	0.0	0.0	0.0	0.0	14260064000	14260064000		
1986-12-31	AAPL	USD	0000320193	1986-12-31	1986-12-31	1987	Q1	662300000	0.0	0.0	0.0	0.0	0.0	0.0	0.0	0.0	0.0	0.0	0.0	0.0	0.0	662300000	1.0	662300000.0	1.0	0.0	0.0	0.0	0.0	0.0	0.0	0.00411	0.00411	14260064000	14260064000		
1987-03-31	AAPL	USD	0000320193	1987-03-31	1987-03-31	1987	Q2	575300000	0.0	0.0	0.0	0.0	0.0	0.0	0.0	0.0	0.0	0.0	0.0	0.0	0.0	575300000	1.0	575300000.0	1.0	0.0	0.0	0.0	0.0	0.0	0.0	0.00232	0.00232	14028672000	14028672000		
1987-06-30	AAPL	USD	0000320193	1987-06-30	1987-06-30	1987	Q3	637100000	0.0	0.0	0.0	0.0	0.0	0.0	0.0	0.0	0.0	0.0	0.0	0.0	0.0	637100000	1.0	637100000.0	1.0	0.0	0.0	0.0	0.0	0.0	0.0	0.00357	0.00357	14028672000	14028672000		
1987-09-30	AAPL	USD	0000320193	1987-09-30	1987-09-30	1987	Q4	786500000	0.0	0.0	0.0	0.0	0.0	0.0	0.0	0.0	0.0	0.0	0.0	0.0	0.0	-1503100000	-1.91113	-1503100000.0	-1.91113	0.0	0.0	0.0	0.0	0.0	0.0	0.0	0.0	14063280000	14063280000		
1987-12-31	AAPL	USD	0000320193	1987-12-31	1987-12-31	1988	Q1	1042400000	0.0	0.0	0.0	0.0	0.0	0.0	0.0	0.0	0.0	0.0	0.0	0.0	0.0	1042400000	1.0	1042400000.0	1.0	0.0	0.0	0.0	0.0	0.0	0.0	0.00821	0.00821	14063280000	14063280000		
1988-03-31	AAPL	USD	0000320193	1988-03-31	1988-03-31	1988	Q2	867200000	0.0	0.0	0.0	0.0	0.0	0.0	0.0	0.0	0.0	0.0	0.0	0.0	0.0	867200000	1.0	867200000.0	1.0	0.0	0.0	0.0	0.0	0.0	0.0	0.00554	0.00554	13946352000	13946352000		
1988-06-30	AAPL	USD	0000320193	1988-06-30	1988-06-30	1988	Q3	993100000	0.0	0.0	0.0	0.0	0.0	0.0	0.0	0.0	0.0	0.0	0.0	0.0	0.0	993100000	1.0	993100000.0	1.0	0.0	0.0	0.0	0.0	0.0	0.0	0.00643	0.00643	14622720000	14622720000		
1988-09-30	AAPL	USD	0000320193	1988-09-30	1988-09-30	1988	Q4	1168700000	0.0	0.0	0.0	0.0	0.0	0.0	0.0	0.0	0.0	0.0	0.0	0.0	0.0	-2282400000	-1.95294	-2282400000.0	-1.95294	0.0	0.0	0.0	0.0	0.0	0.0	0.0	0.0	14285264000	14285264000		
1988-12-31	AAPL	USD	0000320193	1988-12-31	1988-12-31	1989	Q1	1405100000	0.0	0.0	0.0	0.0	0.0	0.0	0.0	0.0	0.0	0.0	0.0	0.0	0.0	1405100000	1.0	1405100000.0	1.0	0.0	0.0	0.0	0.0	0.0	0.0	0.00982	0.00982	14285264000	14285264000		
1989-03-31	AAPL	USD	0000320193	1989-03-31	1989-03-31	1989	Q2	1246900000	0.0	0.0	0.0	0.0	0.0	0.0	0.0	0.0	0.0	0.0	0.0	0.0	0.0	1246900000	1.0	1246900000.0	1.0	0.0	0.0	0.0	0.0	0.0	0.0	0.00393	0.00393	14307664000	14307664000		
1989-06-30	AAPL	USD	0000320193	1989-06-30	1989-06-30	1989	Q3	1248200000	0.0	0.0	0.0	0.0	0.0	0.0	0.0	0.0	0.0	0.0	0.0	0.0	0.0	1248200000	1.0	1248200000.0	1.0	0.0	0.0	0.0	0.0	0.0	0.0	0.00661	0.00661	13889792000	13889792000		
1989-09-30	AAPL	USD	0000320193	1989-09-30	1989-09-30	1989	Q4	1383700000	0.0	0.0	0.0	0.0	0.0	0.0	0.0	0.0	0.0	0.0	0.0	0.0	0.0	-3266000000	-2.36034	-3266000000.0	-2.36034	0.0	0.0	0.0	0.0	0.0	0.0	0.0	0.0	14560000000	14560000000		
1989-12-31	AAPL	USD	0000320193	1989-12-31	1989-12-31	1990	Q1	1493400000	668500000.0	824900000.0	0.55236	0.0	0.0	0.0	587100000.0	47800000.0	634900000.0	1303400000.0	0.0	0.0	47800000.0	252400000	0.16901	190000000.0	0.12723	14600000.0	204600000.0	0.137	79800000.0	124800000.0	0.08357	0.00857	0.00857	14560000000	14560000000		
1990-03-31	AAPL	USD	0000320193	1990-03-31	1990-03-31	1990	Q2	1346200000	565300000.0	780900000.0	0.58008	0.0	0.0	0.0	537400000.0	44300000.0	581700000.0	1147000000.0	0.0	0.0	44200000.0	260300000	0.19336	199200000.0	0.14797	16900000.0	216100000.0	0.16053	84300000.0	131800000.0	0.09791	0.00929	0.00929	14193846154	14193846154		
1990-06-30	AAPL	USD	0000320193	1990-06-30	1990-06-30	1990	Q3	1364800000	578300000.0	786500000.0	0.57627	0.0	0.0	0.0	554300000.0	49900000.0	604200000.0	1182500000.0	0.0	0.0	49900000.0	246300000	0.18047	182300000.0	0.13357	14100000.0	196400000.0	0.1439	76600000.0	119800000.0	0.08778	0.00857	0.00857	13976666667	13976666667		
1990-09-30	AAPL	USD	0000320193	1990-09-30	1990-09-30	1990	Q4	1354100000	591400000.0	762700000.0	0.56325	0.0	0.0	0.0	561300000.0	60800000.0	622100000.0	1213500000.0	0.0	0.0	60800000.0	222200000	0.16409	140600000.0	0.10383	20800000.0	161400000.0	0.11919	62900000.0	98500000.0	0.07274	0.0075	0.0075	13168750000	13168750000		
1990-12-31	AAPL	USD	0000320193	1990-12-31	1990-12-31	1991	Q1	1675500000	767700000.0	907800000.0	0.54181	0.0	0.0	0.0	632300000.0	47100000.0	679400000.0	1447100000.0	0.0	0.0	47100000.0	289800000	0.17296	228400000.0	0.13632	14300000.0	242700000.0	0.14485	92200000.0	150500000.0	0.08982	0.01143	0.01143	13168750000	13168750000		
1991-03-31	AAPL	USD	0000320193	1991-03-31	1991-03-31	1991	Q2	1597700000	772700000.0	825000000.0	0.51637	0.0	0.0	0.0	592500000.0	45900000.0	638400000.0	1411100000.0	0.0	0.0	45900000.0	257400000	0.16111	186600000.0	0.11679	24900000.0	211500000.0	0.13238	80400000.0	131100000.0	0.08206	0.00964	0.00964	13595555556	13595555556		
1991-06-30	AAPL	USD	0000320193	1991-06-30	1991-06-30	1991	Q3	1528600000	774900000.0	753700000.0	0.49307	0.0	0.0	0.0	789100000.0	53400000.0	842500000.0	1617400000.0	0.0	0.0	53500000.0	-32100000	-0.021	-88800000.0	-0.05809	3200000.0	-85600000.0	-0.056	-32500000.0	-53100000.0	-0.03474	-0.00393	-0.00393	13516363636	13516363636		
1991-09-30	AAPL	USD	0000320193	1991-09-30	1991-09-30	1991	Q4	1507000000	794300000.0	712700000.0	0.47293	0.0	0.0	0.0	533500000.0	57900000.0	591400000.0	1385700000.0	0.0	0.0	57900000.0	188900000	0.12535	121300000.0	0.08049	9700000.0	131000000.0	0.08693	49800000.0	81200000.0	0.05388	0.0059	0.0059	13670588235	13670588235		
1991-12-31	AAPL	USD	0000320193	1991-12-31	1991-12-31	1992	Q1	1862600000	999600000.0	863000000.0	0.46333	0.0	0.0	0.0	550600000.0	49800000.0	600400000.0	1600000000.0	0.0	0.0	49800000.0	317600000	0.17051	262600000.0	0.14099	5200000.0	267800000.0	0.14378	101800000.0	166000000.0	0.08912	0.01214	0.01214	13670588235	13670588235		
1992-03-31	AAPL	USD	0000320193	1992-03-31	1992-03-31	1992	Q2	1716000000	910200000.0	805800000.0	0.46958	0.0	0.0	0.0	545100000.0	50300000.0	595400000.0	1505600000.0	0.0	0.0	50200000.0	268100000	0.15624	210400000.0	0.12261	7500000.0	217900000.0	0.12698	82800000.0	135100000.0	0.07873	0.00982	0.00982	13755636364	13755636364		
1992-06-30	AAPL	USD	0000320193	1992-06-30	1992-06-30	1992	Q3	1740200000	911700000.0	828500000.0	0.47609	0.0	0.0	0.0	570300000.0	57100000.0	627400000.0	1539100000.0	0.0	0.0	57200000.0	269600000	0.15492	201100000.0	0.11556	11300000.0	212400000.0	0.12205	80700000.0	131700000.0	0.07568	0.00964	0.00964	13657777778	13657777778		
1992-09-30	AAPL	USD	0000320193	1992-09-30	1992-09-30	1992	Q4	1767700000	952700000.0	815000000.0	0.46105	0.0	0.0	0.0	623400000.0	60000000.0	683400000.0	1636100000.0	0.0	0.0	60000000.0	217500000	0.12304	131600000.0	0.07445	25900000.0	157500000.0	0.0891	59900000.0	97600000.0	0.05521	0.0072	0.0072	13481791045	13481791045		
1992-12-31	AAPL	USD	0000320193	1992-12-31	1992-12-31	1993	Q1	2000300000	1150000000.0	850300000.0	0.42509	0.0	0.0	0.0	570100000.0	39400000.0	609500000.0	1759500000.0	0.0	0.0	39400000.0	299600000	0.14978	240800000.0	0.12038	19400000.0	260200000.0	0.13008	98900000.0	161300000.0	0.08064	0.01196	0.01196	13481791045	13481791045		
1993-03-31	AAPL	USD	0000320193	1993-03-31	1993-03-31	1993	Q2	1973900000	1172000000.0	801900000.0	0.40625	0.0	0.0	0.0	591700000.0	41100000.0	632800000.0	1804800000.0	0.0	0.0	42800000.0	221700000	0.11232	169100000.0	0.08567	9800000.0	178900000.0	0.09063	68000000.0	110900000.0	0.05618	0.00821	0.00821	13500869565	13500869565		
1993-06-30	AAPL	USD	0000320193	1993-06-30	1993-06-30	1993	Q3	1862000000	1214600000.0	647400000.0	0.34769	0.0	0.0	0.0	912700000.0	41400000.0	954100000.0	2168700000.0	0.0	0.0	41400000.0	-262300000	-0.14087	-306700000.0	-0.16472	3000000.0	-303700000.0	-0.1631	-115400000.0	-188300000.0	-0.10113	-0.01464	-0.01464	12859512195	12859512195		
1993-09-30	AAPL	USD	0000320193	1993-09-30	1993-09-30	1993	Q4	2140800000	1547900000.0	592900000.0	0.27695	0.0	0.0	0.0	543300000.0	42500000.0	585800000.0	2133700000.0	0.0	0.0	42500000.0	46900000	0.02191	7100000.0	0.00332	-2700000.0	4400000.0	0.00206	1700000.0	2700000.0	0.00126	0.00021	0.00021	13099072000	13099072000		
1993-12-31	AAPL	USD	0000320193	1993-12-31	1993-12-31	1994	Q1	2468854000	1876830000.0	592024000.0	0.2398	152612000.0	0.0	0.0	374705000.0	0.0	527317000.0	2404147000.0	0.0	0.0	42606000.0	107150000	0.0434	64707000.0	0.02621	-163000.0	64544000.0	0.02614	24526000.0	40018000.0	0.01621	0.00304	0.00304	13099072000	13099072000		
1994-04-01	AAPL	USD	0000320193	1994-04-01	1994-04-01	1994	Q2	2077000000	1578000000.0	499000000.0	0.24025	134000000.0	0.0	0.0	330000000.0	0.0	464000000.0	2042000000.0	8000000.0	8000000.0	38394000.0	74394000	0.03582	35000000.0	0.01685	-7000000.0	28000000.0	0.01348	11000000.0	17000000.0	0.00818	0.00134	0.00134	13321728000	13321728000		
1994-07-01	AAPL	USD	0000320193	1994-08-12	1994-08-12 00:00:00	1994	Q3	2149908000	1576036000.0	573872000.0	0.26693	135439000.0	0.0	0.0	332867000.0	0.0	468306000.0	2044342000.0	0.0	0.0	41338000.0	264081000	0.12283	232421000.0	0.10811	-9678000.0	222743000.0	0.10361	84642000.0	138101000.0	0.06424	0.01036	0.01036	13312320000	13312320000	https://www.sec.gov/Archives/edgar/data/320193/000032019394000013/0000320193-94-000013-index.html	https://www.sec.gov/Archives/edgar/data/320193/0000320193-94-000013.txt
1994-09-30	AAPL	USD	0000320193	1994-12-13	1994-12-13 00:00:00	1994	Q4	2493286000	1814413000.0	678873000.0	0.27228	142110000.0	0.0	0.0	346352000.0	0.0	488462000.0	2302875000.0	0.0	0.0	45620000.0	230547000	0.09247	190411000.0	0.07637	-5484000.0	184927000.0	0.07417	70272000.0	114655000.0	0.04599	0.0084	0.0084	13619221056	13625472000	https://www.sec.gov/Archives/edgar/data/320193/000032019394000016/0000320193-94-000016-index.html	https://www.sec.gov/Archives/edgar/data/320193/0000320193-94-000016.txt
1994-12-30	AAPL	USD	0000320193	1995-02-09	1995-02-09 00:00:00	1995	Q1	2832000000	2018000000.0	814000000.0	0.28743	132000000.0	0.0	0.0	415000000.0	0.0	547000000.0	2565000000.0	0.0	0.0	38000000.0	337000000	0.119	284000000.0	0.10028	15000000.0	299000000.0	0.10558	111000000.0	188000000.0	0.06638	0.01384	0.01384	13619221056	13625472000	https://www.sec.gov/Archives/edgar/data/320193/000032019395000003/0000320193-95-000003-index.html	https://www.sec.gov/Archives/edgar/data/320193/0000320193-95-000003.txt
1995-03-31	AAPL	USD	0000320193	1995-05-15	1995-05-15 00:00:00	1995	Q2	2652000000	1957000000.0	695000000.0	0.26207	143000000.0	0.0	0.0	386000000.0	0.0	529000000.0	2486000000.0	26000000.0	10000000.0	29000000.0	155000000	0.05845	166000000.0	0.06259	-50000000.0	116000000.0	0.04374	43000000.0	73000000.0	0.02753	0.00527	0.00527	13736128000	13736128000	https://www.sec.gov/Archives/edgar/data/320193/000032019395000008/0000320193-95-000008-index.html	https://www.sec.gov/Archives/edgar/data/320193/0000320193-95-000008.txt
1995-06-30	AAPL	USD	0000320193	1995-08-11	1995-08-11 00:00:00	1995	Q3	2575000000	1847000000.0	728000000.0	0.28272	168000000.0	0.0	0.0	404000000.0	0.0	572000000.0	2419000000.0	32000000.0	16000000.0	37000000.0	217000000	0.08427	162000000.0	0.06291	2000000.0	164000000.0	0.06369	61000000.0	103000000.0	0.04	0.0075	0.0075	13798736000	13798736000	https://www.sec.gov/Archives/edgar/data/320193/000032019395000011/0000320193-95-000011-index.html	https://www.sec.gov/Archives/edgar/data/320193/0000320193-95-000011.txt
1995-09-29	AAPL	USD	0000320193	1995-12-19	1995-12-19 00:00:00	1995	Q4	3003000000	2382000000.0	621000000.0	0.20679	171000000.0	0.0	0.0	378000000.0	0.0	549000000.0	2931000000.0	24000000.0	15000000.0	23000000.0	133000000	0.04429	72000000.0	0.02398	23000000.0	95000000.0	0.03164	35000000.0	60000000.0	0.01998	0.0044	0.0044	13775328000	13775328000	https://www.sec.gov/Archives/edgar/data/320193/000032019395000016/0000320193-95-000016-index.html	https://www.sec.gov/Archives/edgar/data/320193/0000320193-95-000016.txt
1995-12-29	AAPL	USD	0000320193	1996-02-12	1996-02-12 00:00:00	1996	Q1	3148000000	2673000000.0	475000000.0	0.15089	153000000.0	0.0	0.0	441000000.0	0.0	594000000.0	3267000000.0	17000000.0	17000000.0	42000000.0	-50000000	-0.01588	-119000000.0	-0.0378	10000000.0	-109000000.0	-0.03463	-40000000.0	-69000000.0	-0.02192	-0.005	-0.005	13775328000	13775328000	https://www.sec.gov/Archives/edgar/data/320193/000032019396000002/0000320193-96-000002-index.html	https://www.sec.gov/Archives/edgar/data/320193/0000320193-96-000002.txt
1996-03-29	AAPL	USD	0000320193	1996-05-13	1996-05-13 00:00:00	1996	Q2	2185000000	2606000000.0	-421000000.0	-0.19268	150000000.0	0.0	0.0	404000000.0	0.0	554000000.0	3160000000.0	11000000.0	13000000.0	46000000.0	-1116000000	-0.51076	-1182000000.0	-0.54096	7000000.0	-1175000000.0	-0.53776	-435000000.0	-740000000.0	-0.33867	-0.05348	-0.05348	13849808000	13849808000	https://www.sec.gov/Archives/edgar/data/320193/000032019396000011/0000320193-96-000011-index.html	https://www.sec.gov/Archives/edgar/data/320193/0000320193-96-000011.txt
1996-06-28	AAPL	USD	0000320193	1996-08-12	1996-08-12 00:00:00	1996	Q3	2179000000	1776000000.0	403000000.0	0.18495	155000000.0	0.0	0.0	364000000.0	0.0	519000000.0	2295000000.0	10000000.0	12000000.0	22000000.0	-17000000	-0.0078	-116000000.0	-0.05324	65000000.0	-51000000.0	-0.02341	-19000000.0	-32000000.0	-0.01469	-0.00232	-0.00232	13858320000	13858320000	https://www.sec.gov/Archives/edgar/data/320193/000032019396000018/0000320193-96-000018-index.html	https://www.sec.gov/Archives/edgar/data/320193/0000320193-96-000018.txt
1996-09-27	AAPL	USD	0000320193	1996-12-19	1996-12-19 00:00:00	1996	Q4	2321000000	1810000000.0	511000000.0	0.22016	146000000.0	0.0	0.0	359000000.0	0.0	505000000.0	2315000000.0	22000000.0	18000000.0	46000000.0	104000000	0.04481	34000000.0	0.01465	6000000.0	40000000.0	0.01723	15000000.0	25000000.0	0.01077	0.0018	0.0018	13947584000	13947584000	https://www.sec.gov/Archives/edgar/data/320193/000032019396000023/0000320193-96-000023-index.html	https://www.sec.gov/Archives/edgar/data/320193/0000320193-96-000023.txt
1996-12-27	AAPL	USD	0000320193	1997-02-10	1997-02-10 00:00:00	1997	Q1	2129000000	1732000000.0	397000000.0	0.18647	149000000.0	0.0	0.0	372000000.0	0.0	521000000.0	2253000000.0	0.0	0.0	25000000.0	-95000000	-0.04462	-124000000.0	-0.05824	4000000.0	-120000000.0	-0.05636	0.0	-120000000.0	-0.05636	-0.00857	-0.00857	13947584000	13947584000	https://www.sec.gov/Archives/edgar/data/320193/000032019397000002/0000320193-97-000002-index.html	https://www.sec.gov/Archives/edgar/data/320193/0000320193-97-000002.txt
1997-03-28	AAPL	USD	0000320193	1997-05-12	1997-05-12 00:00:00	1997	Q2	1601000000	1298000000.0	303000000.0	0.18926	516000000.0	0.0	0.0	348000000.0	0.0	864000000.0	2162000000.0	0.0	0.0	30000000.0	-678000000	-0.42349	-716000000.0	-0.44722	8000000.0	-708000000.0	-0.44222	0.0	-708000000.0	-0.44222	-0.05036	-0.05036	14068208000	14068208000	https://www.sec.gov/Archives/edgar/data/320193/000032019397000011/0000320193-97-000011-index.html	https://www.sec.gov/Archives/edgar/data/320193/0000320193-97-000011.txt
1997-06-27	AAPL	USD	0000320193	1997-08-11	1997-08-11 00:00:00	1997	Q3	1737000000	1389000000.0	348000000.0	0.20035	101000000.0	0.0	0.0	307000000.0	0.0	408000000.0	1797000000.0	0.0	0.0	22000000.0	-34000000	-0.01957	-60000000.0	-0.03454	4000000.0	-56000000.0	-0.03224	0.0	-56000000.0	-0.03224	-0.00393	-0.00393	14168000000	14168000000	https://www.sec.gov/Archives/edgar/data/320193/000032019397000014/0000320193-97-000014-index.html	https://www.sec.gov/Archives/edgar/data/320193/0000320193-97-000014.txt
1997-09-26	AAPL	USD	0000320193	1997-12-05	1997-12-05 00:00:00	1997	Q4	1614000000	1294000000.0	320000000.0	0.19827	94000000.0	0.0	0.0	259000000.0	0.0	353000000.0	1647000000.0	0.0	0.0	41000000.0	-120000000	-0.07435	-170000000.0	-0.10533	9000000.0	-161000000.0	-0.09975	0.0	-161000000.0	-0.09975	-0.01123	-0.01028	14334768000	15661968000	https://www.sec.gov/Archives/edgar/data/320193/000104746997006960/0001047469-97-006960-index.html	https://www.sec.gov/Archives/edgar/data/320193/0001047469-97-006960.txt
1997-12-26	AAPL	USD	0000320193	1998-02-09	1998-02-09 00:00:00	1998	Q1	1578000000	1225000000.0	353000000.0	0.2237	79000000.0	0.0	0.0	234000000.0	0.0	313000000.0	1538000000.0	0.0	0.0	28000000.0	75000000	0.04753	40000000.0	0.02535	7000000.0	47000000.0	0.02978	0.0	47000000.0	0.02978	0.0033	0.00295	14334768000	15661968000	https://www.sec.gov/Archives/edgar/data/320193/000032019398000003/0000320193-98-000003-index.html	https://www.sec.gov/Archives/edgar/data/320193/0000320193-98-000003.txt
1998-03-27	AAPL	USD	0000320193	1998-05-11	1998-05-11 00:00:00	1998	Q2	1405000000	1056000000.0	349000000.0	0.2484	75000000.0	0.0	0.0	223000000.0	0.0	298000000.0	1354000000.0	0.0	0.0	28000000.0	87000000	0.06192	51000000.0	0.0363	8000000.0	59000000.0	0.04199	4000000.0	55000000.0	0.03915	0.00375	0.00339	14780528000	16342480000	https://www.sec.gov/Archives/edgar/data/320193/000032019398000006/0000320193-98-000006-index.html	https://www.sec.gov/Archives/edgar/data/320193/0000320193-98-000006.txt
1998-06-26	AAPL	USD	0000320193	1998-08-10	1998-08-10 00:00:00	1998	Q3	1402000000	1042000000.0	360000000.0	0.25678	83000000.0	0.0	0.0	216000000.0	0.0	299000000.0	1341000000.0	0.0	0.0	32000000.0	141000000	0.10057	61000000.0	0.04351	48000000.0	109000000.0	0.07775	8000000.0	101000000.0	0.07204	0.00679	0.0058	14903616000	19240032000	https://www.sec.gov/Archives/edgar/data/320193/000032019398000008/0000320193-98-000008-index.html	https://www.sec.gov/Archives/edgar/data/320193/0000320193-98-000008.txt
1998-09-25	AAPL	USD	0000320193	1998-09-25	1998-09-25	1998	Q4	1556000000	1139000000.0	417000000.0	0.26799	73000000.0	0.0	0.0	235000000.0	0.0	308000000.0	1447000000.0	0.0	0.0	23000000.0	137000000	0.08805	109000000.0	0.07005	5000000.0	114000000.0	0.07326	8000000.0	106000000.0	0.06812	0.007	0.0055	15150240000	19270944000		
1998-12-26	AAPL	USD	0000320193	1998-12-26	1998-12-26	1999	Q1	1710000000	1228000000.0	482000000.0	0.28187	76000000.0	0.0	0.0	279000000.0	0.0	355000000.0	1583000000.0	32000000.0	16000000.0	23000000.0	208000000	0.12164	127000000.0	0.07427	42000000.0	169000000.0	0.09883	17000000.0	152000000.0	0.08889	0.01	0.00848	15150240000	19270944000		
1999-03-27	AAPL	USD	0000320193	1999-05-11	1999-05-11 00:00:00	1999	Q2	1530000000	1127000000.0	403000000.0	0.2634	76000000.0	0.0	0.0	239000000.0	0.0	315000000.0	1442000000.0	0.0	0.0	24000000.0	177000000	0.11569	79000000.0	0.05163	74000000.0	153000000.0	0.1	18000000.0	135000000.0	0.08824	0.00884	0.0075	15273552000	19398848000	https://www.sec.gov/Archives/edgar/data/320193/000032019399000004/0000320193-99-000004-index.html	https://www.sec.gov/Archives/edgar/data/320193/0000320193-99-000004.txt
1999-06-26	AAPL	USD	0000320193	1999-08-06	1999-08-06 00:00:00	1999	Q3	1558000000	1131000000.0	427000000.0	0.27407	80000000.0	0.0	0.0	243000000.0	0.0	323000000.0	1454000000.0	0.0	0.0	19000000.0	248000000	0.15918	104000000.0	0.06675	125000000.0	229000000.0	0.14698	26000000.0	203000000.0	0.1303	0.01259	0.01071	16134048000	19560800000	https://www.sec.gov/Archives/edgar/data/320193/000032019399000009/0000320193-99-000009-index.html	https://www.sec.gov/Archives/edgar/data/320193/0000320193-99-000009.txt
1999-09-25	AAPL	USD	0000320193	1999-12-22	1999-12-22 00:00:00	1999	Q4	1336000000	952000000.0	384000000.0	0.28743	82000000.0	0.0	0.0	235000000.0	0.0	317000000.0	1269000000.0	42000000.0	5000000.0	19000000.0	149000000	0.11153	49000000.0	0.03668	76000000.0	125000000.0	0.09356	14000000.0	111000000.0	0.08308	0.0062	0.0056	18036368000	19982704000	https://www.sec.gov/Archives/edgar/data/320193/000091205799010244/0000912057-99-010244-index.html	https://www.sec.gov/Archives/edgar/data/320193/0000912057-99-010244.txt
2000-01-01	AAPL	USD	0000320193	2000-01-01	2000-01-01	2000	Q1	2343000000	1736000000.0	607000000.0	0.25907	90000000.0	0.0	0.0	319000000.0	0.0	409000000.0	2145000000.0	47000000.0	5000000.0	20000000.0	299000000	0.12761	100000000.0	0.04268	174000000.0	274000000.0	0.11694	91000000.0	183000000.0	0.0781	0.01018	0.0092	18036368000	19982704000		
2000-04-01	AAPL	USD	0000320193	2000-05-11	2000-05-11 00:00:00	2000	Q2	1945000000	1396000000.0	549000000.0	0.28226	92000000.0	0.0	0.0	287000000.0	0.0	379000000.0	1775000000.0	0.0	0.0	21000000.0	340000000	0.17481	170000000.0	0.0874	149000000.0	319000000.0	0.16401	86000000.0	233000000.0	0.11979	0.01286	0.01143	18163264000	20383216000	https://www.sec.gov/Archives/edgar/data/320193/000091205700023442/0000912057-00-023442-index.html	https://www.sec.gov/Archives/edgar/data/320193/0000912057-00-023442.txt
2000-07-01	AAPL	USD	0000320193	2000-07-31	2000-07-31 00:00:00	2000	Q3	1825000000	1282000000.0	543000000.0	0.29753	97000000.0	0.0	0.0	278000000.0	0.0	375000000.0	1657000000.0	0.0	0.0	25000000.0	295000000	0.16164	168000000.0	0.09205	102000000.0	270000000.0	0.14795	70000000.0	200000000.0	0.10959	0.01107	0.00982	18202240000	20261752000	https://www.sec.gov/Archives/edgar/data/320193/000091205700033901/0000912057-00-033901-index.html	https://www.sec.gov/Archives/edgar/data/320193/000091205700033901/a10-q.txt
2000-09-30	AAPL	USD	0000320193	2000-12-14	2000-12-14 00:00:00	2000	Q4	1870000000	1403000000.0	467000000.0	0.24973	101000000.0	0.0	0.0	282000000.0	0.0	383000000.0	1786000000.0	59000000.0	6000000.0	18000000.0	253000000	0.13529	84000000.0	0.04492	145000000.0	229000000.0	0.12246	59000000.0	170000000.0	0.09091	0.009	0.009	18881520000	18881520000	https://www.sec.gov/Archives/edgar/data/320193/000091205700053623/0000912057-00-053623-index.html	https://www.sec.gov/Archives/edgar/data/320193/000091205700053623/a2032880z10-k.txt
2000-12-30	AAPL	USD	0000320193	2001-02-12	2001-02-12 00:00:00	2001	Q1	1007000000	1028000000.0	-21000000.0	-0.02085	102000000.0	0.0	0.0	297000000.0	0.0	399000000.0	1427000000.0	64000000.0	5000000.0	24000000.0	-254000000	-0.25223	-420000000.0	-0.41708	125000000.0	-295000000.0	-0.29295	-88000000.0	-195000000.0	-0.19364	-0.01036	-0.01036	18881520000	18881520000	https://www.sec.gov/Archives/edgar/data/320193/000091205701004642/0000912057-01-004642-index.html	https://www.sec.gov/Archives/edgar/data/320193/000091205701004642/a2038036z10-q.txt
2001-03-31	AAPL	USD	0000320193	2001-05-14	2001-05-14 00:00:00	2001	Q2	1431000000	1046000000.0	385000000.0	0.26904	101000000.0	0.0	0.0	292000000.0	0.0	393000000.0	1439000000.0	0.0	0.0	22000000.0	84000000	0.0587	-8000000.0	-0.00559	70000000.0	62000000.0	0.04333	19000000.0	43000000.0	0.03005	0.00214	0.00214	19380480000	19757472000	https://www.sec.gov/Archives/edgar/data/320193/000091205701515409/0000912057-01-515409-index.html	https://www.sec.gov/Archives/edgar/data/320193/000091205701515409/a2048698z10-q.htm
2001-06-30	AAPL	USD	0000320193	2001-08-13	2001-08-13 00:00:00	2001	Q3	1475000000	1041000000.0	434000000.0	0.29424	122000000.0	0.0	0.0	281000000.0	0.0	403000000.0	1444000000.0	51000000.0	4000000.0	26000000.0	117000000	0.07932	31000000.0	0.02102	56000000.0	87000000.0	0.05898	26000000.0	61000000.0	0.04136	0.00304	0.00304	19530840000	20099072000	https://www.sec.gov/Archives/edgar/data/320193/000091205701528148/0000912057-01-528148-index.html	https://www.sec.gov/Archives/edgar/data/320193/000091205701528148/a2056203z10-q.htm
2001-09-29	AAPL	USD	0000320193	2001-12-21	2001-12-21 00:00:00	2001	Q4	1450000000	1013000000.0	437000000.0	0.30138	116000000.0	0.0	0.0	268000000.0	0.0	384000000.0	1397000000.0	43000000.0	2000000.0	30000000.0	126000000	0.0869	53000000.0	0.03655	41000000.0	94000000.0	0.06483	28000000.0	66000000.0	0.04552	0.0034	0.0033	19674480000	20020504000	https://www.sec.gov/Archives/edgar/data/320193/000091205701544436/a2066171z10-k405.htm	https://www.sec.gov/Archives/edgar/data/320193/000091205701544436/a2066171z10-k405.htm
2001-12-29	AAPL	USD	0000320193	2002-02-11	2002-02-11 00:00:00	2002	Q1	1375000000	953000000.0	422000000.0	0.30691	113000000.0	0.0	0.0	289000000.0	0.0	402000000.0	1355000000.0	34000000.0	3000000.0	28000000.0	84000000	0.06109	-4000000.0	-0.00291	57000000.0	53000000.0	0.03855	15000000.0	38000000.0	0.02764	0.00196	0.00196	19674480000	20020504000	https://www.sec.gov/Archives/edgar/data/320193/000091205702004945/0000912057-02-004945-index.html	https://www.sec.gov/Archives/edgar/data/320193/000091205702004945/a2069685z10-q.htm
2002-03-30	AAPL	USD	0000320193	2002-05-14	2002-05-14 17:08:24	2002	Q2	1495000000	1086000000.0	409000000.0	0.27358	111000000.0	0.0	0.0	270000000.0	0.0	381000000.0	1467000000.0	29000000.0	3000000.0	29000000.0	87000000	0.05819	28000000.0	0.01873	27000000.0	55000000.0	0.03679	15000000.0	40000000.0	0.02676	0.00196	0.00196	19794880000	20494264000	https://www.sec.gov/Archives/edgar/data/320193/000091205702020280/0000912057-02-020280-index.html	https://www.sec.gov/Archives/edgar/data/320193/000091205702020280/a2079853z10-q.htm
2002-06-29	AAPL	USD	0000320193	2002-08-09	2002-08-09 16:52:48	2002	Q3	1429000000	1038000000.0	391000000.0	0.27362	106000000.0	0.0	0.0	272000000.0	0.0	378000000.0	1416000000.0	29000000.0	2000000.0	28000000.0	69000000	0.04829	13000000.0	0.0091	26000000.0	39000000.0	0.02729	7000000.0	32000000.0	0.02239	0.00161	0.00161	19956720000	20545392000	https://www.sec.gov/Archives/edgar/data/320193/000091205702030796/0000912057-02-030796-index.html	https://www.sec.gov/Archives/edgar/data/320193/000091205702030796/a2086025z10-q.htm
2002-09-28	AAPL	USD	0000320193	2002-12-19	2002-12-19 17:20:21	2002	Q4	1443000000	1062000000.0	381000000.0	0.26403	117000000.0	0.0	0.0	280000000.0	0.0	397000000.0	1459000000.0	23000000.0	2000000.0	33000000.0	-25000000	-0.01733	-20000000.0	-0.01386	-40000000.0	-60000000.0	-0.04158	-15000000.0	-45000000.0	-0.03119	-0.00224	-0.00224	20107192000	20107192000	https://www.sec.gov/Archives/edgar/data/320193/000104746902007674/0001047469-02-007674-index.html	https://www.sec.gov/Archives/edgar/data/320193/000104746902007674/a2096490z10-k.htm
2002-12-28	AAPL	USD	0000320193	2003-02-10	2003-02-10 16:43:14	2003	Q1	1472000000	1066000000.0	406000000.0	0.27582	121000000.0	0.0	0.0	299000000.0	0.0	420000000.0	1486000000.0	23000000.0	2000000.0	32000000.0	24000000	0.0163	-37000000.0	-0.02514	29000000.0	-8000000.0	-0.00543	-2000000.0	-8000000.0	-0.00543	-0.00036	-0.00036	20107192000	20107192000	https://www.sec.gov/Archives/edgar/data/320193/000104746902007674/a2096490z10-k.htm	https://www.sec.gov/Archives/edgar/data/320193/000104746902007674/a2096490z10-k.htm
2003-03-29	AAPL	USD	0000320193	2003-05-13	2003-05-13 16:46:50	2003	Q2	1475000000	1057000000.0	418000000.0	0.28339	119000000.0	0.0	0.0	300000000.0	0.0	419000000.0	1476000000.0	18000000.0	2000000.0	30000000.0	51000000	0.03458	-4000000.0	-0.00271	23000000.0	19000000.0	0.01288	5000000.0	14000000.0	0.00949	0.00071	0.00071	20187440000	20285608000	https://www.sec.gov/Archives/edgar/data/320193/000110465903009489/0001104659-03-009489-index.html	https://www.sec.gov/Archives/edgar/data/320193/000110465903009489/j0567_10q.htm
2003-06-28	AAPL	USD	0000320193	2003-08-12	2003-08-12 16:09:14	2003	Q3	1545000000	1117000000.0	428000000.0	0.27702	120000000.0	0.0	0.0	299000000.0	0.0	419000000.0	1536000000.0	15000000.0	2000000.0	31000000.0	59000000	0.03819	9000000.0	0.00583	17000000.0	26000000.0	0.01683	7000000.0	19000000.0	0.0123	0.00089	0.00089	20204408000	20371512000	https://www.sec.gov/Archives/edgar/data/320193/000110465903017766/a03-2128_110q.htm	https://www.sec.gov/Archives/edgar/data/320193/000110465903017766/a03-2128_110q.htm
2003-09-27	AAPL	USD	0000320193	2003-12-19	2003-12-19 17:25:45	2003	Q4	1715000000	1259000000.0	456000000.0	0.26589	111000000.0	0.0	0.0	314000000.0	0.0	425000000.0	1684000000.0	13000000.0	2000000.0	20000000.0	80000000	0.04665	31000000.0	0.01808	24000000.0	55000000.0	0.03207	14000000.0	44000000.0	0.02566	0.0022	0.0021	20297200000	20849248000	https://www.sec.gov/Archives/edgar/data/320193/000104746903041604/a2124888z10-k.htm	https://www.sec.gov/Archives/edgar/data/320193/000104746903041604/a2124888z10-k.htm
2003-12-27	AAPL	USD	0000320193	2004-02-10	2004-02-09 19:57:13	2004	Q1	2006000000	1470000000.0	536000000.0	0.2672	119000000.0	0.0	0.0	343000000.0	0.0	462000000.0	1932000000.0	14000000.0	2000000.0	33000000.0	122000000	0.06082	74000000.0	0.03689	13000000.0	87000000.0	0.04337	24000000.0	63000000.0	0.03141	0.00304	0.00304	20297200000	20849248000	https://www.sec.gov/Archives/edgar/data/320193/000104746903041604/a2124888z10-k.htm	https://www.sec.gov/Archives/edgar/data/320193/000104746903041604/a2124888z10-k.htm
2004-03-27	AAPL	USD	0000320193	2004-05-06	2004-05-06 17:26:09	2004	Q2	1909000000	1379000000.0	530000000.0	0.27763	123000000.0	0.0	0.0	345000000.0	0.0	468000000.0	1847000000.0	15000000.0	1000000.0	36000000.0	101000000	0.05291	52000000.0	0.02724	12000000.0	64000000.0	0.03353	18000000.0	46000000.0	0.0241	0.00232	0.00214	20459432000	21180880000	https://www.sec.gov/Archives/edgar/data/320193/000110465904013021/a04-5089_110q.htm	https://www.sec.gov/Archives/edgar/data/320193/000110465904013021/a04-5089_110q.htm
2004-06-26	AAPL	USD	0000320193	2004-08-05	2004-08-04 20:48:51	2004	Q3	2014000000	1455000000.0	559000000.0	0.27756	125000000.0	0.0	0.0	354000000.0	0.0	479000000.0	1934000000.0	15000000.0	0.0	41000000.0	126000000	0.06256	72000000.0	0.03575	13000000.0	85000000.0	0.0422	24000000.0	61000000.0	0.03029	0.00286	0.00286	21001288000	21986776000	https://www.sec.gov/Archives/edgar/data/320193/000110465904022384/a04-8198_110q.htm	https://www.sec.gov/Archives/edgar/data/320193/000110465904022384/a04-8198_110q.htm
2004-09-25	AAPL	USD	0000320193	2004-12-03	2004-12-02 18:05:49	2004	Q4	2350000000	1716000000.0	634000000.0	0.26979	122000000.0	0.0	0.0	379000000.0	0.0	501000000.0	2217000000.0	20000000.0	0.0	40000000.0	187000000	0.07957	128000000.0	0.05447	19000000.0	147000000.0	0.06255	41000000.0	106000000.0	0.04511	0.0048	0.0045	22092896000	23468872000	https://www.sec.gov/Archives/edgar/data/320193/000104746904035975/a2147337z10-k.htm	https://www.sec.gov/Archives/edgar/data/320193/000104746904035975/a2147337z10-k.htm
2004-12-25	AAPL	USD	0000320193	2005-02-01	2005-02-01 17:25:52	2005	Q1	3490000000	2494000000.0	996000000.0	0.28539	123000000.0	0.0	0.0	470000000.0	0.0	593000000.0	3087000000.0	28000000.0	0.0	41000000.0	470000000	0.13467	403000000.0	0.11547	26000000.0	429000000.0	0.12292	134000000.0	295000000.0	0.08453	0.01339	0.0125	22092896000	23468872000	https://www.sec.gov/Archives/edgar/data/320193/000104746904035975/a2147337z10-k.htm	https://www.sec.gov/Archives/edgar/data/320193/000104746904035975/a2147337z10-k.htm
2005-03-26	AAPL	USD	0000320193	2005-05-04	2005-05-04 17:14:56	2005	Q2	3243000000	2275000000.0	968000000.0	0.29849	119000000.0	0.0	0.0	447000000.0	0.0	566000000.0	2841000000.0	0.0	0.0	41000000.0	476000000	0.14678	402000000.0	0.12396	33000000.0	435000000.0	0.13414	145000000.0	290000000.0	0.08942	0.01286	0.01214	22628816000	23996308000	https://www.sec.gov/Archives/edgar/data/320193/000110465905020421/a05-7551_110q.htm	https://www.sec.gov/Archives/edgar/data/320193/000110465905020421/a05-7551_110q.htm
2005-06-25	AAPL	USD	0000320193	2005-08-03	2005-08-02 20:15:08	2005	Q3	3520000000	2476000000.0	1044000000.0	0.29659	145000000.0	0.0	0.0	472000000.0	0.0	617000000.0	3093000000.0	0.0	0.0	46000000.0	519000000	0.14744	427000000.0	0.12131	46000000.0	473000000.0	0.13438	153000000.0	320000000.0	0.09091	0.01393	0.01321	22822576000	24099264000	https://www.sec.gov/Archives/edgar/data/320193/000110465905035792/a05-12535_110q.htm	https://www.sec.gov/Archives/edgar/data/320193/000110465905035792/a05-12535_110q.htm
2005-09-24	AAPL	USD	0000320193	2005-12-01	2005-11-30 21:22:48	2005	Q4	3678000000	2643000000.0	1035000000.0	0.2814	147000000.0	0.0	0.0	470000000.0	0.0	617000000.0	3260000000.0	0.0	0.0	51000000.0	529000000	0.14383	418000000.0	0.11365	60000000.0	478000000.0	0.12996	48000000.0	430000000.0	0.11691	0.018	0.018	23261868000	24477796000	https://www.sec.gov/Archives/edgar/data/320193/000110465905058421/a05-20674_110k.htm	https://www.sec.gov/Archives/edgar/data/320193/000110465905058421/a05-20674_110k.htm
2005-12-31	AAPL	USD	0000320193	2006-02-03	2006-02-03 16:20:30	2006	Q1	5749000000	4185000000.0	1564000000.0	0.27205	182000000.0	0.0	0.0	632000000.0	0.0	814000000.0	4999000000.0	88000000.0	0.0	52000000.0	883000000	0.15359	750000000.0	0.13046	81000000.0	831000000.0	0.14455	266000000.0	565000000.0	0.09828	0.02429	0.02321	23261868000	24477796000	https://www.sec.gov/Archives/edgar/data/320193/000110465905058421/a05-20674_110k.htm	https://www.sec.gov/Archives/edgar/data/320193/000110465905058421/a05-20674_110k.htm
2006-04-01	AAPL	USD	0000320193	2006-05-05	2006-05-04 20:26:47	2006	Q2	4359000000	3062000000.0	1297000000.0	0.29755	176000000.0	0.0	0.0	592000000.0	0.0	768000000.0	3830000000.0	87000000.0	0.0	50000000.0	655000000	0.15026	529000000.0	0.12136	76000000.0	605000000.0	0.13879	195000000.0	410000000.0	0.09406	0.0175	0.01679	23545480000	24599036000	https://www.sec.gov/Archives/edgar/data/320193/000110465906031303/a06-10806_110q.htm	https://www.sec.gov/Archives/edgar/data/320193/000110465906031303/a06-10806_110q.htm
2006-07-01	AAPL	USD	0000320193	2006-12-29	2006-12-29 06:01:37	2006	Q3	4370000000	3045000000.0	1325000000.0	0.3032	175000000.0	0.0	0.0	584000000.0	0.0	759000000.0	3804000000.0	99000000.0	0.0	57000000.0	718000000	0.1643	566000000.0	0.12952	95000000.0	661000000.0	0.15126	189000000.0	472000000.0	0.10801	0.01964	0.01929	23838500000	24538304000	https://www.sec.gov/Archives/edgar/data/320193/000110465906084286/a06-23473_110q.htm	https://www.sec.gov/Archives/edgar/data/320193/000110465906084286/a06-23473_110q.htm
2006-09-30	AAPL	USD	0000320193	2006-12-29	2006-12-29 06:05:58	2006	Q4	4837000000	3425000000.0	1412000000.0	0.29192	179000000.0	0.0	0.0	625000000.0	0.0	804000000.0	4229000000.0	120000000.0	0.0	66000000.0	787000000	0.1627	608000000.0	0.1257	113000000.0	721000000.0	0.14906	179000000.0	542000000.0	0.11205	0.023	0.022	24015348000	24732316000	https://www.sec.gov/Archives/edgar/data/320193/000110465906084288/a06-25759_210k.htm	https://www.sec.gov/Archives/edgar/data/320193/000110465906084288/a06-25759_210k.htm
2006-12-30	AAPL	USD	0000320193	2007-02-02	2007-02-02 06:23:10	2007	Q1	7115000000	4895000000.0	2220000000.0	0.31202	184000000.0	0.0	0.0	714000000.0	0.0	898000000.0	5793000000.0	133000000.0	0.0	74000000.0	1522000000	0.21391	1322000000.0	0.1858	126000000.0	1448000000.0	0.20351	444000000.0	1004000000.0	0.14111	0.04179	0.04071	24015348000	24732316000	https://www.sec.gov/Archives/edgar/data/320193/000110465906084288/a06-25759_210k.htm	https://www.sec.gov/Archives/edgar/data/320193/000110465906084288/a06-25759_210k.htm
2007-03-31	AAPL	USD	0000320193	2007-05-10	2007-05-09 21:38:58	2007	Q2	5264000000	3415000000.0	1849000000.0	0.35125	183000000.0	0.0	0.0	680000000.0	0.0	863000000.0	4278000000.0	158000000.0	0.0	69000000.0	1203000000	0.22853	986000000.0	0.18731	148000000.0	1134000000.0	0.21543	364000000.0	770000000.0	0.14628	0.03179	0.03107	24164084000	24826284000	https://www.sec.gov/Archives/edgar/data/320193/000110465907037745/0001104659-07-037745-index.html	https://www.sec.gov/Archives/edgar/data/320193/000110465907037745/a07-13266_110q.htm
2007-06-30	AAPL	USD	0000320193	2007-08-08	2007-08-07 21:51:56	2007	Q3	5410000000	3415000000.0	1995000000.0	0.36876	208000000.0	0.0	0.0	746000000.0	0.0	954000000.0	4369000000.0	168000000.0	0.0	81000000.0	1277000000	0.23604	1041000000.0	0.19242	155000000.0	1196000000.0	0.22107	378000000.0	818000000.0	0.1512	0.03357	0.03286	24270568000	24938788000	https://www.sec.gov/Archives/edgar/data/320193/000110465907059873/0001104659-07-059873-index.html	https://www.sec.gov/Archives/edgar/data/320193/000110465907059873/a07-19295_110q.htm
2007-09-29	AAPL	USD	0000320193	2007-11-15	2007-11-15 16:49:37	2007	Q4	6217000000	4127000000.0	2090000000.0	0.33618	207000000.0	0.0	0.0	823000000.0	0.0	1030000000.0	5157000000.0	188000000.0	0.0	93000000.0	1323000000	0.2128	1060000000.0	0.1705	170000000.0	1230000000.0	0.19784	326000000.0	904000000.0	0.14541	0.037	0.036	24524080000	25201512000	https://www.sec.gov/Archives/edgar/data/320193/000104746907009340/0001047469-07-009340-index.html	https://www.sec.gov/Archives/edgar/data/320193/000104746907009340/a2181030z10-k.htm
2007-12-29	AAPL	USD	0000320193	2008-02-01	2008-02-01 06:06:51	2008	Q1	9608000000	6276000000.0	3332000000.0	0.34679	246000000.0	0.0	0.0	960000000.0	0.0	1206000000.0	7482000000.0	0.0	0.0	106000000.0	2432000000	0.25312	2126000000.0	0.22127	200000000.0	2326000000.0	0.24209	745000000.0	1581000000.0	0.16455	0.06464	0.06286	24524080000	25201512000	https://www.sec.gov/Archives/edgar/data/320193/000104746907009340/a2181030z10-k.htm	https://www.sec.gov/Archives/edgar/data/320193/000104746907009340/a2181030z10-k.htm
2008-03-29	AAPL	USD	0000320193	2008-05-01	2008-05-01 06:01:43	2008	Q2	7512000000	5038000000.0	2474000000.0	0.32934	273000000.0	0.0	0.0	886000000.0	0.0	1159000000.0	6197000000.0	0.0	0.0	116000000.0	1593000000	0.21206	1315000000.0	0.17505	162000000.0	1477000000.0	0.19662	432000000.0	1045000000.0	0.13911	0.0425	0.04143	24627288000	25181212000	https://www.sec.gov/Archives/edgar/data/320193/000119312508097759/0001193125-08-097759-index.html	https://www.sec.gov/Archives/edgar/data/320193/000119312508097759/d10q.htm
2008-06-28	AAPL	USD	0000320193	2008-07-23	2008-07-23 17:27:26	2008	Q3	7464000000	4864000000.0	2600000000.0	0.34834	292000000.0	0.0	0.0	916000000.0	0.0	1208000000.0	6072000000.0	0.0	0.0	117000000.0	1627000000	0.21798	1392000000.0	0.1865	118000000.0	1510000000.0	0.2023	438000000.0	1072000000.0	0.14362	0.04321	0.0425	24744664000	25288676000	https://www.sec.gov/Archives/edgar/data/320193/000119312508156421/0001193125-08-156421-index.html	https://www.sec.gov/Archives/edgar/data/320193/000119312508156421/d10q.htm
2008-09-27	AAPL	USD	0000320193	2008-11-05	2008-11-05 06:16:23	2008	Q4	7895000000	5156000000.0	2739000000.0	0.34693	298000000.0	0.0	0.0	999000000.0	0.0	1297000000.0	6453000000.0	0.0	0.0	134000000.0	1716000000	0.21735	1442000000.0	0.18265	140000000.0	1582000000.0	0.20038	446000000.0	1136000000.0	0.14389	0.046	0.045	24895976000	25241832000	https://www.sec.gov/Archives/edgar/data/320193/000119312508224958/0001193125-08-224958-index.html	https://www.sec.gov/Archives/edgar/data/320193/000119312508224958/d10k.htm
2008-12-27	AAPL	USD	0000320193	2009-01-23	2009-01-22 21:45:14	2009	Q1	10167000000	6635000000.0	3532000000.0	0.3474	315000000.0	0.0	0.0	1091000000.0	0.0	1406000000.0	8041000000.0	0.0	0.0	158000000.0	2442000000	0.24019	2126000000.0	0.20911	158000000.0	2284000000.0	0.22465	679000000.0	1605000000.0	0.15786	0.06464	0.06357	24895976000	25241832000	https://www.sec.gov/Archives/edgar/data/320193/000119312509009937/0001193125-09-009937-index.html	https://www.sec.gov/Archives/edgar/data/320193/000119312509009937/d10q.htm
2009-03-28	AAPL	USD	0000320193	2009-04-23	2009-04-23 16:12:31	2009	Q2	8163000000	5192000000.0	2971000000.0	0.36396	319000000.0	0.0	0.0	985000000.0	0.0	1304000000.0	6496000000.0	0.0	0.0	172000000.0	1902000000	0.233	1667000000.0	0.20421	63000000.0	1730000000.0	0.21193	525000000.0	1205000000.0	0.14762	0.04821	0.0475	24953040000	25283804000	https://www.sec.gov/Archives/edgar/data/320193/000119312509085781/0001193125-09-085781-index.html	https://www.sec.gov/Archives/edgar/data/320193/000119312509085781/d10q.htm
2009-06-27	AAPL	USD	0000320193	2009-07-22	2009-07-22 16:41:33	2009	Q3	8337000000	5314000000.0	3023000000.0	0.3626	341000000.0	0.0	0.0	1010000000.0	0.0	1351000000.0	6665000000.0	0.0	0.0	176000000.0	1908000000	0.22886	1672000000.0	0.20055	60000000.0	1732000000.0	0.20775	503000000.0	1229000000.0	0.14742	0.04929	0.04821	25023936000	25456480000	https://www.sec.gov/Archives/edgar/data/320193/000119312509153165/0001193125-09-153165-index.html	https://www.sec.gov/Archives/edgar/data/320193/000119312509153165/d10q.htm
2009-09-26	AAPL	USD	0000320193	2009-10-27	2009-10-27 16:18:29	2009	Q4	9870000000	6256000000.0	3614000000.0	0.36616	358000000.0	0.0	0.0	1063000000.0	0.0	1421000000.0	7677000000.0	0.0	0.0	197000000.0	2435000000	0.24671	2193000000.0	0.22219	45000000.0	2238000000.0	0.22675	573000000.0	1665000000.0	0.16869	0.06607	0.065	25144896000	25602472000	https://www.sec.gov/Archives/edgar/data/320193/000119312509214859/0001193125-09-214859-index.html	https://www.sec.gov/Archives/edgar/data/320193/000119312509214859/d10k.htm
2009-12-26	AAPL	USD	0000320193	2010-01-25	2010-01-25 16:23:57	2010	Q1	15683000000	9272000000.0	6411000000.0	0.40879	398000000.0	0.0	0.0	1288000000.0	0.0	1686000000.0	10958000000.0	0.0	0.0	209000000.0	4967000000	0.31671	4725000000.0	0.30128	33000000.0	4758000000.0	0.30339	1380000000.0	3378000000.0	0.21539	0.13357	0.13107	25299176000	25753924000	https://www.sec.gov/Archives/edgar/data/320193/000119312510012085/0001193125-10-012085-index.html	https://www.sec.gov/Archives/edgar/data/320193/000119312510012085/d10q.htm
2010-03-27	AAPL	USD	0000320193	2010-04-21	2010-04-21 16:39:23	2010	Q2	13499000000	7874000000.0	5625000000.0	0.4167	426000000.0	0.0	0.0	1220000000.0	0.0	1646000000.0	9520000000.0	0.0	0.0	216000000.0	4245000000	0.31447	3979000000.0	0.29476	50000000.0	4029000000.0	0.29847	955000000.0	3074000000.0	0.22772	0.12107	0.11893	25411344000	25840584000	https://www.sec.gov/Archives/edgar/data/320193/000119312510088957/0001193125-10-088957-index.html	https://www.sec.gov/Archives/edgar/data/320193/000119312510088957/d10q.htm
2010-06-26	AAPL	USD	0000320193	2010-07-21	2010-07-21 16:37:45	2010	Q3	15700000000	9564000000.0	6136000000.0	0.39083	464000000.0	0.0	0.0	1438000000.0	0.0	1902000000.0	11466000000.0	0.0	0.0	273000000.0	4565000000	0.29076	4234000000.0	0.26968	58000000.0	4292000000.0	0.27338	1039000000.0	3253000000.0	0.2072	0.1275	0.12536	25541516000	25966108000	https://www.sec.gov/Archives/edgar/data/320193/000119312510162840/0001193125-10-162840-index.html	https://www.sec.gov/Archives/edgar/data/320193/000119312510162840/d10q.htm
2010-09-25	AAPL	USD	0000320193	2010-10-27	2010-10-27 16:36:21	2010	Q4	20343000000	12831000000.0	7512000000.0	0.36927	494000000.0	0.0	0.0	1571000000.0	0.0	2065000000.0	14896000000.0	0.0	0.0	329000000.0	5790000000	0.28462	5447000000.0	0.26776	14000000.0	5461000000.0	0.26845	1153000000.0	4308000000.0	0.21177	0.17	0.16	25740232000	26128312000	https://www.sec.gov/Archives/edgar/data/320193/000119312510238044/0001193125-10-238044-index.html	https://www.sec.gov/Archives/edgar/data/320193/000119312510238044/d10k.htm
2010-12-25	AAPL	USD	0000320193	2011-01-19	2011-01-19 16:33:29	2011	Q1	26741000000	16443000000.0	10298000000.0	0.3851	575000000.0	0.0	0.0	1896000000.0	0.0	2471000000.0	18914000000.0	0.0	0.0	356000000.0	8319000000	0.3111	7827000000.0	0.2927	136000000.0	7963000000.0	0.29778	1959000000.0	6004000000.0	0.22452	0.23321	0.22964	25740232000	26128312000	https://www.sec.gov/Archives/edgar/data/320193/000119312510238044/d10k.htm	https://www.sec.gov/Archives/edgar/data/320193/000119312510238044/d10k.htm
2011-03-26	AAPL	USD	0000320193	2011-04-21	2011-04-21 06:13:41	2011	Q2	24667000000	14449000000.0	10218000000.0	0.41424	581000000.0	0.0	0.0	1763000000.0	0.0	2344000000.0	16793000000.0	0.0	0.0	434000000.0	8334000000	0.33786	7874000000.0	0.31921	26000000.0	7900000000.0	0.32027	1913000000.0	5987000000.0	0.24271	0.23179	0.22857	25849488000	26206432000	https://www.sec.gov/Archives/edgar/data/320193/000119312511104388/0001193125-11-104388-index.html	https://www.sec.gov/Archives/edgar/data/320193/000119312511104388/d10q.htm
2011-06-25	AAPL	USD	0000320193	2011-07-20	2011-07-20 16:32:13	2011	Q3	28571000000	16649000000.0	11922000000.0	0.41728	628000000.0	0.0	0.0	1915000000.0	0.0	2543000000.0	19192000000.0	0.0	0.0	481000000.0	10032000000	0.35113	9379000000.0	0.32827	172000000.0	9551000000.0	0.33429	2243000000.0	7308000000.0	0.25578	0.28179	0.27821	25931024000	26258680000	https://www.sec.gov/Archives/edgar/data/320193/000119312511192493/0001193125-11-192493-index.html	https://www.sec.gov/Archives/edgar/data/320193/000119312511192493/d10q.htm
2011-09-24	AAPL	USD	0000320193	2011-10-26	2011-10-26 16:35:25	2011	Q4	28270000000	16890000000.0	11380000000.0	0.40255	645000000.0	0.0	0.0	2025000000.0	0.0	2670000000.0	19560000000.0	0.0	0.0	543000000.0	9334000000	0.33017	8710000000.0	0.3081	81000000.0	8791000000.0	0.31097	2168000000.0	6623000000.0	0.23428	0.25464	0.25179	25991840000	26306476000	https://www.sec.gov/Archives/edgar/data/320193/000119312511282113/0001193125-11-282113-index.html	https://www.sec.gov/Archives/edgar/data/320193/000119312511282113/d220209d10k.htm
2011-12-31	AAPL	USD	0000320193	2012-01-25	2012-01-25 16:42:11	2012	Q1	46333000000	25630000000.0	20703000000.0	0.44683	758000000.0	0.0	0.0	2605000000.0	0.0	3363000000.0	28993000000.0	0.0	0.0	721000000.0	18198000000	0.39277	17340000000.0	0.37425	137000000.0	17477000000.0	0.3772	4413000000.0	13064000000.0	0.28196	0.50107	0.49536	26069148000	26364016000	https://www.sec.gov/Archives/edgar/data/320193/000119312512023398/0001193125-12-023398-index.html	https://www.sec.gov/Archives/edgar/data/320193/000119312512023398/d267587d10q.htm
2012-03-31	AAPL	USD	0000320193	2012-04-25	2012-04-25 17:01:16	2012	Q2	39186000000	20622000000.0	18564000000.0	0.47374	841000000.0	0.0	0.0	2339000000.0	0.0	3180000000.0	23802000000.0	0.0	0.0	740000000.0	16272000000	0.41525	15384000000.0	0.39259	148000000.0	15532000000.0	0.39637	3910000000.0	11622000000.0	0.29659	0.44464	0.43929	26140296000	26457004000	https://www.sec.gov/Archives/edgar/data/320193/000119312512182321/d297069d10q.htm	https://www.sec.gov/Archives/edgar/data/320193/000119312512182321/d297069d10q.htm
2012-06-30	AAPL	USD	0000320193	2012-07-25	2012-07-25 16:39:39	2012	Q3	35023000000	20029000000.0	14994000000.0	0.42812	876000000.0	0.0	0.0	2545000000.0	0.0	3421000000.0	23450000000.0	0.0	0.0	835000000.0	12696000000	0.3625	11573000000.0	0.33044	288000000.0	11861000000.0	0.33866	3037000000.0	8824000000.0	0.25195	0.33643	0.33286	26224688000	26517652000	https://www.sec.gov/Archives/edgar/data/320193/000119312512314552/0001193125-12-314552-index.html	https://www.sec.gov/Archives/edgar/data/320193/000119312512314552/d365704d10q.htm
2012-09-29	AAPL	USD	0000320193	2012-10-31	2012-10-31 17:07:19	2012	Q4	35966000000	21565000000.0	14401000000.0	0.40041	906000000.0	0.0	0.0	2551000000.0	0.0	3457000000.0	25022000000.0	0.0	0.0	981000000.0	11874000000	0.33015	10944000000.0	0.30429	-51000000.0	10893000000.0	0.30287	2670000000.0	8223000000.0	0.22863	0.31286	0.30964	26273604000	26549208000	https://www.sec.gov/Archives/edgar/data/320193/000119312512444068/0001193125-12-444068-index.html	https://www.sec.gov/Archives/edgar/data/320193/000119312512444068/d411355d10k.htm
2012-12-29	AAPL	USD	0000320193	2013-01-24	2013-01-24 17:01:37	2013	Q1	54512000000	33452000000.0	21060000000.0	0.38634	1010000000.0	0.0	0.0	2840000000.0	0.0	3850000000.0	37302000000.0	421000000.0	0.0	1588000000.0	19260000000	0.35332	17210000000.0	0.31571	462000000.0	17672000000.0	0.32419	4594000000.0	13078000000.0	0.23991	0.4975	0.49321	26289648000	26522076000	https://www.sec.gov/Archives/edgar/data/320193/000119312513022339/0001193125-13-022339-index.html	https://www.sec.gov/Archives/edgar/data/320193/000119312513022339/d453687d10q.htm
2013-03-30	AAPL	USD	0000320193	2013-04-24	2013-04-23 21:29:23	2013	Q2	43603000000	27254000000.0	16349000000.0	0.37495	1119000000.0	0.0	0.0	2672000000.0	0.0	3791000000.0	31045000000.0	420000000.0	0.0	1692000000.0	14597000000	0.33477	12558000000.0	0.28801	347000000.0	12905000000.0	0.29597	3358000000.0	9547000000.0	0.21895	0.36286	0.36036	26309612000	26488980000	https://www.sec.gov/Archives/edgar/data/320193/000119312513168288/0001193125-13-168288-index.html	https://www.sec.gov/Archives/edgar/data/320193/000119312513168288/d501596d10q.htm
2013-06-29	AAPL	USD	0000320193	2013-07-24	2013-07-24 17:02:02	2013	Q3	35323000000	22299000000.0	13024000000.0	0.36871	1178000000.0	0.0	0.0	2645000000.0	0.0	3823000000.0	26122000000.0	385000000.0	53000000.0	1694000000.0	11182000000	0.31656	9201000000.0	0.26048	234000000.0	9435000000.0	0.26711	2535000000.0	6900000000.0	0.19534	0.26821	0.26679	25721304000	25879420000	https://www.sec.gov/Archives/edgar/data/320193/000119312513300670/0001193125-13-300670-index.html	https://www.sec.gov/Archives/edgar/data/320193/000119312513300670/d552802d10q.htm
2013-09-28	AAPL	USD	0000320193	2013-10-30	2013-10-29 20:38:28	2013	Q4	37472000000	23601000000.0	13871000000.0	0.37017	1168000000.0	0.0	0.0	2673000000.0	0.0	3841000000.0	27442000000.0	390000000.0	83000000.0	1783000000.0	12009000000	0.32048	10030000000.0	0.26767	113000000.0	10143000000.0	0.27068	2631000000.0	7512000000.0	0.20047	0.29679	0.295	25316564000	25455668000	https://www.sec.gov/Archives/edgar/data/320193/000119312513416534/0001193125-13-416534-index.html	https://www.sec.gov/Archives/edgar/data/320193/000119312513416534/d590790d10k.htm
2013-12-28	AAPL	USD	0000320193	2014-01-28	2014-01-28 17:07:27	2014	Q1	57594000000	35748000000.0	21846000000.0	0.37931	1330000000.0	0.0	0.0	3053000000.0	0.0	4383000000.0	40131000000.0	427000000.0	84000000.0	2144000000.0	19937000000	0.34616	17463000000.0	0.30321	246000000.0	17709000000.0	0.30748	4637000000.0	13072000000.0	0.22697	0.52107	0.51786	25090016000	25240656000	https://www.sec.gov/Archives/edgar/data/320193/000119312513416534/d590790d10k.htm	https://www.sec.gov/Archives/edgar/data/320193/000119312513416534/d590790d10k.htm
2014-03-29	AAPL	USD	0000320193	2014-04-24	2014-04-24 17:02:12	2014	Q2	45646000000	27699000000.0	17947000000.0	0.39318	1422000000.0	0.0	0.0	2932000000.0	0.0	4354000000.0	32053000000.0	410000000.0	85000000.0	1887000000.0	15790000000	0.34592	13593000000.0	0.29779	225000000.0	13818000000.0	0.30272	3595000000.0	10223000000.0	0.22396	0.4175	0.415	24493196000	24626784000	https://www.sec.gov/Archives/edgar/data/320193/000119312514157311/0001193125-14-157311-index.html	https://www.sec.gov/Archives/edgar/data/320193/000119312514157311/d694710d10q.htm
2014-06-28	AAPL	USD	0000320193	2014-07-23	2014-07-23 16:32:48	2014	Q3	37432000000	22697000000.0	14735000000.0	0.39365	1603000000.0	0.0	0.0	2850000000.0	0.0	4453000000.0	27150000000.0	439000000.0	100000000.0	1946000000.0	12530000000	0.33474	10282000000.0	0.27468	202000000.0	10484000000.0	0.28008	2736000000.0	7748000000.0	0.20699	0.3225	0.32	24050540000	24206844000	https://www.sec.gov/Archives/edgar/data/320193/000119312514277160/0001193125-14-277160-index.html	https://www.sec.gov/Archives/edgar/data/320193/000119312514277160/d740164d10q.htm
2014-09-27	AAPL	USD	0000320193	2014-10-27	2014-10-27 17:11:55	2014	Q4	42123000000	26114000000.0	16009000000.0	0.38005	1686000000.0	0.0	0.0	3158000000.0	0.0	4844000000.0	30958000000.0	519000000.0	115000000.0	1969000000.0	13556000000	0.32182	11165000000.0	0.26506	307000000.0	11472000000.0	0.27235	3005000000.0	8467000000.0	0.20101	0.3575	0.355	23735380000	23888328000	https://www.sec.gov/Archives/edgar/data/320193/000119312514383437/0001193125-14-383437-index.html	https://www.sec.gov/Archives/edgar/data/320193/000119312514383437/d783162d10k.htm
2014-12-27	AAPL	USD	0000320193	2015-01-28	2015-01-28 16:39:32	2015	Q1	74599000000	44858000000.0	29741000000.0	0.39868	1895000000.0	0.0	0.0	3600000000.0	0.0	5495000000.0	50353000000.0	654000000.0	131000000.0	2575000000.0	27122000000	0.36357	24246000000.0	0.32502	170000000.0	24416000000.0	0.3273	6392000000.0	18024000000.0	0.24161	0.77	0.765	23372328000	23527212000	https://www.sec.gov/Archives/edgar/data/320193/000119312514383437/d783162d10k.htm	https://www.sec.gov/Archives/edgar/data/320193/000119312514383437/d783162d10k.htm
2015-03-28	AAPL	USD	0000320193	2015-04-28	2015-04-28 17:01:16	2015	Q2	58010000000	34354000000.0	23656000000.0	0.40779	1918000000.0	0.0	0.0	3460000000.0	0.0	5378000000.0	39732000000.0	675000000.0	163000000.0	2479000000.0	21206000000	0.36556	18278000000.0	0.31508	286000000.0	18564000000.0	0.32001	4995000000.0	13569000000.0	0.23391	0.585	0.5825	23175196000	23339432000	https://www.sec.gov/Archives/edgar/data/320193/000119312515153166/0001193125-15-153166-index.html	https://www.sec.gov/Archives/edgar/data/320193/000119312515153166/d892246d10q.htm
2015-06-27	AAPL	USD	0000320193	2015-07-22	2015-07-22 17:01:17	2015	Q3	49605000000	29924000000.0	19681000000.0	0.39675	2034000000.0	0.0	0.0	3564000000.0	0.0	5598000000.0	35522000000.0	766000000.0	201000000.0	3084000000.0	17758000000	0.35799	14083000000.0	0.2839	390000000.0	14473000000.0	0.29176	3796000000.0	10677000000.0	0.21524	0.465	0.4625	22919544000	23092396000	https://www.sec.gov/Archives/edgar/data/320193/000119312515259935/0001193125-15-259935-index.html	https://www.sec.gov/Archives/edgar/data/320193/000119312515259935/d927922d10q.htm
2015-09-26	AAPL	USD	0000320193	2015-10-28	2015-10-28 16:31:09	2015	Q4	51501000000	30953000000.0	20548000000.0	0.39898	2220000000.0	0.0	0.0	3705000000.0	0.0	5925000000.0	36878000000.0	826000000.0	238000000.0	3119000000.0	18419000000	0.35764	14623000000.0	0.28394	439000000.0	15062000000.0	0.29246	3938000000.0	11124000000.0	0.216	0.4925	0.49	22587664000	22730076000	https://www.sec.gov/Archives/edgar/data/320193/000119312515356351/0001193125-15-356351-index.html	https://www.sec.gov/Archives/edgar/data/320193/000119312515356351/d17062d10k.htm
2015-12-26	AAPL	USD	0000320193	2016-01-27	2016-01-27 16:32:03	2016	Q1	75872000000	45449000000.0	30423000000.0	0.40098	2404000000.0	0.0	0.0	3848000000.0	0.0	6252000000.0	51701000000.0	941000000.0	276000000.0	2954000000.0	27803000000	0.36645	24171000000.0	0.31858	402000000.0	24573000000.0	0.32387	6212000000.0	18361000000.0	0.242	0.825	0.82	22235720000	22376508000	https://www.sec.gov/Archives/edgar/data/320193/000119312516439878/0001193125-16-439878-index.html	https://www.sec.gov/Archives/edgar/data/320193/000119312516439878/d66145d10q.htm
2016-03-26	AAPL	USD	0000320193	2016-04-27	2016-04-27 16:32:53	2016	Q2	50557000000	30636000000.0	19921000000.0	0.39403	2511000000.0	0.0	0.0	3423000000.0	0.0	5934000000.0	36570000000.0	986000000.0	321000000.0	2477000000.0	16940000000	0.33507	13987000000.0	0.27666	155000000.0	14142000000.0	0.27972	3626000000.0	10516000000.0	0.208	0.4775	0.475	22057524000	22163544000	https://www.sec.gov/Archives/edgar/data/320193/000119312516559625/0001193125-16-559625-index.html	https://www.sec.gov/Archives/edgar/data/320193/000119312516559625/d165350d10q.htm
2016-06-25	AAPL	USD	0000320193	2016-07-27	2016-07-27 16:32:36	2016	Q3	42358000000	26252000000.0	16106000000.0	0.38024	2560000000.0	0.0	0.0	3441000000.0	0.0	6001000000.0	32253000000.0	1036000000.0	409000000.0	2526000000.0	13404000000	0.31645	10105000000.0	0.23856	364000000.0	10469000000.0	0.24716	2673000000.0	7796000000.0	0.18405	0.3575	0.355	21772232000	21891124000	https://www.sec.gov/Archives/edgar/data/320193/000162828016017809/a10-qq320166252016.htm	https://www.sec.gov/Archives/edgar/data/320193/000162828016017809/a10-qq320166252016.htm
2016-09-24	AAPL	USD	0000320193	2016-10-26	2016-10-26 16:42:16	2016	Q4	46852000000	29039000000.0	17813000000.0	0.3802	2570000000.0	0.0	0.0	3482000000.0	0.0	6052000000.0	35091000000.0	1036000000.0	450000000.0	2548000000.0	15186000000	0.32413	11761000000.0	0.25102	427000000.0	12188000000.0	0.26014	3174000000.0	9014000000.0	0.19239	0.42	0.4175	21467648000	21573332000	https://www.sec.gov/Archives/edgar/data/320193/000162828016020309/0001628280-16-020309-index.html	https://www.sec.gov/Archives/edgar/data/320193/000162828016020309/a201610-k9242016.htm
2016-12-31	AAPL	USD	0000320193	2017-02-01	2017-02-01 16:33:29	2017	Q1	78351000000	48175000000.0	30176000000.0	0.38514	2871000000.0	0.0	0.0	3946000000.0	0.0	6817000000.0	54992000000.0	1224000000.0	525000000.0	2987000000.0	27692000000	0.35344	23359000000.0	0.29813	821000000.0	24180000000.0	0.30861	6289000000.0	17891000000.0	0.22834	0.845	0.84	21194644000	21311980000	https://www.sec.gov/Archives/edgar/data/320193/000162828017000717/0001628280-17-000717-index.html	https://www.sec.gov/Archives/edgar/data/320193/000162828017000717/a10-qq1201712312016.htm
2017-04-01	AAPL	USD	0000320193	2017-05-03	2017-05-03 16:32:23	2017	Q2	52896000000	32305000000.0	20591000000.0	0.38927	2776000000.0	0.0	0.0	3718000000.0	0.0	6494000000.0	38799000000.0	1282000000.0	530000000.0	2332000000.0	17546000000	0.33171	14097000000.0	0.2665	587000000.0	14684000000.0	0.2776	3655000000.0	11029000000.0	0.2085	0.5275	0.525	20903164000	21046752000	https://www.sec.gov/Archives/edgar/data/320193/000162828017004790/0001628280-17-004790-index.html	https://www.sec.gov/Archives/edgar/data/320193/000162828017004790/a10-qq22017412017.htm
2017-07-01	AAPL	USD	0000320193	2017-08-02	2017-08-02 16:31:28	2017	Q3	45408000000	27920000000.0	17488000000.0	0.38513	2937000000.0	0.0	0.0	3783000000.0	0.0	6720000000.0	34640000000.0	1327000000.0	602000000.0	2354000000.0	14264000000	0.31413	10768000000.0	0.23714	540000000.0	11308000000.0	0.24903	2591000000.0	8717000000.0	0.19197	0.42	0.4175	20780352000	20933996000	https://www.sec.gov/Archives/edgar/data/320193/000032019317000009/0000320193-17-000009-index.html	https://www.sec.gov/Archives/edgar/data/320193/000032019317000009/a10-qq32017712017.htm
2017-09-30	AAPL	USD	0000320193	2017-11-03	2017-11-03 08:01:37	2017	Q4	52579000000	32648000000.0	19931000000.0	0.37907	2997000000.0	0.0	0.0	3814000000.0	0.0	6811000000.0	39459000000.0	1368000000.0	666000000.0	2484000000.0	17067000000	0.3246	13120000000.0	0.24953	797000000.0	13917000000.0	0.26469	3203000000.0	10714000000.0	0.20377	0.52	0.5175	20597712000	20734340000	https://www.sec.gov/Archives/edgar/data/320193/000032019317000070/0000320193-17-000070-index.html	https://www.sec.gov/Archives/edgar/data/320193/000032019317000070/a10-k20179302017.htm
2017-12-30	AAPL	USD	0000320193	2018-02-02	2018-02-02 08:01:26	2018	Q1	88293000000	54381000000.0	33912000000.0	0.38408	3407000000.0	0.0	0.0	4231000000.0	0.0	7638000000.0	62019000000.0	1452000000.0	734000000.0	2745000000.0	30509000000	0.34554	26274000000.0	0.29758	756000000.0	27030000000.0	0.30614	6965000000.0	20065000000.0	0.22725	0.98	0.9725	20451508000	20631148000	https://www.sec.gov/Archives/edgar/data/320193/000032019318000007/0000320193-18-000007-index.html	https://www.sec.gov/Archives/edgar/data/320193/000032019318000007/a10-qq1201812302017.htm
2018-03-31	AAPL	USD	0000320193	2018-05-02	2018-05-02 16:32:12	2018	Q2	61137000000	37715000000.0	23422000000.0	0.38311	3378000000.0	0.0	0.0	4150000000.0	0.0	7528000000.0	45243000000.0	1505000000.0	792000000.0	2739000000.0	19699000000	0.32221	15894000000.0	0.25997	274000000.0	16168000000.0	0.26446	2346000000.0	13822000000.0	0.22608	0.6875	0.6825	20099508000	20273972000	https://www.sec.gov/Archives/edgar/data/320193/000032019318000070/0000320193-18-000070-index.html	https://www.sec.gov/Archives/edgar/data/320193/000032019318000070/a10-qq220183312018.htm
2018-06-30	AAPL	USD	0000320193	2018-08-01	2018-08-01 16:31:48	2018	Q3	53265000000	32844000000.0	20421000000.0	0.38338	3701000000.0	0.0	0.0	4108000000.0	0.0	7809000000.0	40653000000.0	1418000000.0	846000000.0	2665000000.0	16795000000	0.31531	12612000000.0	0.23678	672000000.0	13284000000.0	0.24939	1765000000.0	11519000000.0	0.21626	0.59	0.585	19528668000	19706436000	https://www.sec.gov/Archives/edgar/data/320193/000032019318000100/0000320193-18-000100-index.html	https://www.sec.gov/Archives/edgar/data/320193/000032019318000100/a10-qq320186302018.htm
2018-09-29	AAPL	USD	0000320193	2018-11-05	2018-11-05 08:01:40	2018	Q4	62900000000	38816000000.0	24084000000.0	0.38289	3750000000.0	0.0	0.0	4216000000.0	0.0	7966000000.0	46782000000.0	1311000000.0	868000000.0	2754000000.0	20043000000	0.31865	16118000000.0	0.25625	303000000.0	16421000000.0	0.26107	2296000000.0	14125000000.0	0.22456	0.735	0.7275	19206356000	19390188000	https://www.sec.gov/Archives/edgar/data/320193/000032019318000145/0000320193-18-000145-index.html	https://www.sec.gov/Archives/edgar/data/320193/000032019318000145/a10-k20189292018.htm
2018-12-29	AAPL	USD	0000320193	2019-01-30	2019-01-30 16:31:37	2019	Q1	84310000000	52279000000.0	32031000000.0	0.37992	3902000000.0	0.0	0.0	4783000000.0	0.0	8685000000.0	60964000000.0	1307000000.0	890000000.0	3395000000.0	28191000000	0.33437	23346000000.0	0.27691	560000000.0	23906000000.0	0.28355	3941000000.0	19965000000.0	0.2368	1.055	1.045	18943280000	19093008000	https://www.sec.gov/Archives/edgar/data/320193/000032019319000010/0000320193-19-000010-index.html	https://www.sec.gov/Archives/edgar/data/320193/000032019319000010/a10-qq1201912292018.htm
2019-03-30	AAPL	USD	0000320193	2019-05-01	2019-05-01 16:32:00	2019	Q2	58015000000	36194000000.0	21821000000.0	0.37613	3948000000.0	0.0	0.0	4458000000.0	0.0	8406000000.0	44600000000.0	1358000000.0	1010000000.0	3040000000.0	17843000000	0.30756	13415000000.0	0.23123	378000000.0	13793000000.0	0.23775	2232000000.0	11561000000.0	0.19928	0.6175	0.615	18696284000	18802584000	https://www.sec.gov/Archives/edgar/data/320193/000032019319000066/0000320193-19-000066-index.html	https://www.sec.gov/Archives/edgar/data/320193/000032019319000066/a10-qq220193302019.htm
2019-06-29	AAPL	USD	0000320193	2019-07-31	2019-07-31 16:31:53	2019	Q3	53809000000	33582000000.0	20227000000.0	0.3759	4257000000.0	0.0	0.0	4426000000.0	0.0	8683000000.0	42265000000.0	1190000000.0	866000000.0	2933000000.0	15710000000	0.29196	11544000000.0	0.21454	367000000.0	11911000000.0	0.22136	1867000000.0	10044000000.0	0.18666	0.55	0.545	18282532000	18405520000	https://www.sec.gov/Archives/edgar/data/320193/000032019319000076/a10-qq320196292019.htm	https://www.sec.gov/Archives/edgar/data/320193/000032019319000076/a10-qq320196292019.htm
2019-09-28	AAPL	USD	0000320193	2019-10-31	2019-10-30 18:12:36	2019	Q4	64040000000	39727000000.0	24313000000.0	0.37965	4110000000.0	0.0	0.0	4578000000.0	0.0	8688000000.0	48415000000.0	1106000000.0	810000000.0	3179000000.0	20116000000	0.31412	15625000000.0	0.24399	502000000.0	16127000000.0	0.25183	2441000000.0	13686000000.0	0.21371	0.7625	0.7575	17963248000	18081492000	https://www.sec.gov/Archives/edgar/data/320193/000032019319000119/0000320193-19-000119-index.html	https://www.sec.gov/Archives/edgar/data/320193/000032019319000119/a10-k20199282019.htm
2019-12-28	AAPL	USD	0000320193	2020-01-29	2020-01-28 18:02:44	2020	Q1	91819000000	56602000000.0	35217000000.0	0.38355	4451000000.0	0.0	0.0	5197000000.0	0.0	9648000000.0	66250000000.0	1045000000.0	785000000.0	2816000000.0	29519000000	0.32149	25569000000.0	0.27847	349000000.0	25918000000.0	0.28227	3682000000.0	22236000000.0	0.24217	1.26	1.2475	17660160000	17818416000	https://www.sec.gov/Archives/edgar/data/320193/000032019320000010/0000320193-20-000010-index.html	https://www.sec.gov/Archives/edgar/data/320193/000032019320000010/a10-qq1202012282019.htm
2020-03-28	AAPL	USD	0000320193	2020-05-01	2020-04-30 18:03:10	2020	Q2	58313000000	35943000000.0	22370000000.0	0.38362	4565000000.0	0.0	0.0	4952000000.0	0.0	9517000000.0	45460000000.0	1049000000.0	757000000.0	2786000000.0	16678000000	0.28601	12853000000.0	0.22041	282000000.0	13135000000.0	0.22525	1886000000.0	11249000000.0	0.19291	0.645	0.6375	17440404000	17618764000	https://www.sec.gov/Archives/edgar/data/320193/000032019320000052/0000320193-20-000052-index.html	https://www.sec.gov/Archives/edgar/data/320193/000032019320000052/a10-qq220203282020.htm
2020-06-27	AAPL	USD	0000320193	2020-07-31	2020-07-30 19:29:09	2020	Q3	59685000000	37005000000.0	22680000000.0	0.37999	4758000000.0	0.0	0.0	4831000000.0	0.0	9589000000.0	46594000000.0	901000000.0	697000000.0	2752000000.0	16586000000	0.27789	13091000000.0	0.21933	46000000.0	13137000000.0	0.22011	1884000000.0	11253000000.0	0.18854	0.6525	0.645	17250292000	17419152000	https://www.sec.gov/Archives/edgar/data/320193/000032019320000062/0000320193-20-000062-index.htm	https://www.sec.gov/Archives/edgar/data/320193/000032019320000062/aapl-20200627.htm
2020-09-26	AAPL	USD	0000320193	2020-10-30	2020-10-29 18:06:25	2020	Q4	64698000000	40009000000.0	24689000000.0	0.3816	4978000000.0	0.0	0.0	4936000000.0	0.0	9914000000.0	49923000000.0	768000000.0	634000000.0	2702000000.0	18237000000	0.28188	14775000000.0	0.22837	126000000.0	14901000000.0	0.23032	2228000000.0	12673000000.0	0.19588	0.74	0.73	17057622000	17256521000	https://www.sec.gov/Archives/edgar/data/320193/000032019320000096/0000320193-20-000096-index.htm	https://www.sec.gov/Archives/edgar/data/320193/000032019320000096/aapl-20200926.htm
2020-12-26	AAPL	USD	0000320193	2021-01-28	2021-01-27 18:03:06	2021	Q1	111439000000	67111000000.0	44328000000.0	0.39778	5163000000.0	0.0	0.0	5631000000.0	0.0	10794000000.0	77905000000.0	747000000.0	638000000.0	2666000000.0	36883000000	0.33097	33534000000.0	0.30092	45000000.0	33579000000.0	0.30132	4824000000.0	28755000000.0	0.25803	1.7	1.68	16935119000	17113688000	https://www.sec.gov/Archives/edgar/data/320193/000032019321000010/0000320193-21-000010-index.htm	https://www.sec.gov/Archives/edgar/data/320193/000032019321000010/aapl-20201226.htm
2021-03-27	AAPL	USD	0000320193	2021-04-29	2021-04-28 18:02:54	2021	Q2	89584000000	51505000000.0	38079000000.0	0.42506	5262000000.0	0.0	0.0	5314000000.0	0.0	10576000000.0	62081000000.0	718000000.0	670000000.0	2797000000.0	31478000000	0.35138	27503000000.0	0.30701	508000000.0	28011000000.0	0.31268	4381000000.0	23630000000.0	0.26377	1.41	1.4	16753476000	16929157000	https://www.sec.gov/Archives/edgar/data/320193/000032019321000056/0000320193-21-000056-index.htm	https://www.sec.gov/Archives/edgar/data/320193/000032019321000056/aapl-20210327.htm
2021-06-26	AAPL	USD	0000320193	2021-07-28	2021-07-27 18:03:42	2021	Q3	81434000000	46179000000.0	35255000000.0	0.43293	5717000000.0	0.0	0.0	5412000000.0	0.0	11129000000.0	57308000000.0	719000000.0	665000000.0	2832000000.0	27866000000	0.34219	24126000000.0	0.29626	243000000.0	24369000000.0	0.29925	2625000000.0	21744000000.0	0.26701	1.31	1.3	16629371000	16781735000	https://www.sec.gov/Archives/edgar/data/320193/000032019321000065/0000320193-21-000065-index.htm	https://www.sec.gov/Archives/edgar/data/320193/000032019321000065/aapl-20210626.htm
2021-09-25	AAPL	USD	0000320193	2021-10-29	2021-10-28 18:04:28	2021	Q4	83360000000	48186000000.0	35174000000.0	0.42195	5772000000.0	0.0	0.0	5616000000.0	0.0	11388000000.0	59574000000.0	659000000.0	672000000.0	2989000000.0	26909000000	0.3228	23786000000.0	0.28534	-538000000.0	23248000000.0	0.27889	2697000000.0	20551000000.0	0.24653	1.25	1.24	16487121000	16635097000	https://www.sec.gov/Archives/edgar/data/320193/000032019321000105/0000320193-21-000105-index.htm	https://www.sec.gov/Archives/edgar/data/320193/000032019321000105/aapl-20210925.htm
2021-12-25	AAPL	USD	0000320193	2022-01-28	2022-01-27 18:00:58	2022	Q1	123945000000	69702000000.0	54243000000.0	0.43764	6306000000.0	0.0	0.0	6449000000.0	0.0	12755000000.0	82457000000.0	650000000.0	694000000.0	2697000000.0	44632000000	0.3601	41488000000.0	0.33473	-247000000.0	41241000000.0	0.33274	6611000000.0	34630000000.0	0.2794	2.11	2.1	16391724000	16519291000	https://www.sec.gov/Archives/edgar/data/320193/000032019322000007/0000320193-22-000007-index.htm	https://www.sec.gov/Archives/edgar/data/320193/000032019322000007/aapl-20211225.htm
2022-03-26	AAPL	USD	0000320193	2022-04-28	2022-04-28 18:03:58	2022	Q2	97278000000	54719000000.0	42559000000.0	0.4375	6387000000.0	0.0	0.0	6193000000.0	0.0	12580000000.0	67299000000.0	700000000.0	691000000.0	2737000000.0	33567000000	0.34506	29979000000.0	0.30818	160000000.0	30139000000.0	0.30982	5129000000.0	25010000000.0	0.2571	1.54	1.52	16278802000	16403316000	https://www.sec.gov/Archives/edgar/data/320193/000032019322000059/0000320193-22-000059-index.htm	https://www.sec.gov/Archives/edgar/data/320193/000032019322000059/aapl-20220326.htm
2022-06-25	AAPL	USD	0000320193	2022-07-28	2022-07-28 18:06:56	2022	Q3	82959000000	47074000000.0	35885000000.0	0.43256	6797000000.0	0.0	0.0	6012000000.0	0.0	12809000000.0	59883000000.0	722000000.0	719000000.0	2805000000.0	26590000000	0.32052	23076000000.0	0.27816	-10000000.0	23066000000.0	0.27804	3624000000.0	19442000000.0	0.23436	1.2	1.2	16162945000	16262203000	https://www.sec.gov/Archives/edgar/data/320193/000032019322000070/0000320193-22-000070-index.htm	https://www.sec.gov/Archives/edgar/data/320193/000032019322000070/aapl-20220625.htm
2022-09-24	AAPL	USD	0000320193	2022-10-27	2022-10-27 18:01:14	2022	Q4	90146000000	52051000000.0	38095000000.0	0.42259	6761000000.0	0.0	0.0	6440000000.0	0.0	13201000000.0	65252000000.0	753000000.0	827000000.0	2865000000.0	28349000000	0.31448	24894000000.0	0.27615	-237000000.0	24657000000.0	0.27352	3936000000.0	20721000000.0	0.22986	1.29	1.29	16030382000	16118465000	https://www.sec.gov/Archives/edgar/data/320193/000032019322000108/0000320193-22-000108-index.htm	https://www.sec.gov/Archives/edgar/data/320193/000032019322000108/aapl-20220924.htm
