"GDP, current prices (Billions of U.S. dollars)",1980,1981,1982,1983,1984,1985,1986,1987,1988,1989,1990,1991,1992,1993,1994,1995,1996,1997,1998,1999,2000,2001,2002,2003,2004,2005,2006,2007,2008,2009,2010,2011,2012,2013,2014,2015,2016,2017,2018,2019,2020,2021,2022,2023
Afghanistan,0,0,0,0,0,0,0,0,0,0,0,0,0,0,0,0,0,0,0,0,0,0,4.367,4.553,5.146,6.167,6.925,8.556,10.297,12.066,15.325,17.89,20.293,20.17,20.616,20.057,18.02,18.883,18.401,18.876,20.136,0,0,0
Albania,1.946,2.229,2.296,2.319,2.29,2.339,2.587,2.566,2.53,2.779,2.221,1.333,0.843,1.461,2.361,2.882,3.2,2.259,2.56,3.209,3.483,3.928,4.348,5.611,7.185,8.052,8.896,10.677,12.881,12.044,11.937,12.899,12.324,12.784,13.246,11.389,11.862,13.053,15.157,15.399,15.161,18.31,18.256,18.842
Algeria,42.346,44.372,44.78,47.529,51.513,61.132,61.535,63.3,51.664,52.558,61.892,46.67,49.217,50.963,42.426,42.066,46.941,48.178,48.188,48.845,54.749,54.745,56.761,67.864,85.332,103.198,117.027,134.977,171.001,137.211,161.207,200.02,209.059,209.755,213.81,165.979,160.034,170.207,175.372,171.68,144.922,162.711,187.155,190.254
Andorra,0,0,0,0,0,0,0,0,0,0,0,0,0,0,0,0,0,0,0,0,1.429,1.547,1.758,2.362,2.896,3.158,3.456,3.952,4.082,3.675,3.446,3.625,3.189,3.193,3.267,2.789,2.895,2.993,3.217,3.155,2.885,3.33,3.302,3.36
Angola,6.639,6.214,6.214,6.476,6.864,8.457,7.918,9.05,9.818,11.421,12.571,12.186,9.395,6.819,4.965,6.197,7.994,9.388,7.958,7.526,11.166,10.93,15.286,17.813,23.552,36.971,52.381,65.266,88.539,70.307,83.799,111.79,128.053,136.71,145.712,116.194,101.124,122.022,101.353,84.516,58.125,75.179,124.794,135.558
Antigua and Barbuda,0.131,0.148,0.164,0.182,0.208,0.241,0.29,0.337,0.399,0.439,0.459,0.482,0.499,0.535,0.589,0.577,0.634,0.681,0.728,0.766,0.826,0.8,0.814,0.856,0.92,1.023,1.158,1.313,1.37,1.228,1.149,1.138,1.2,1.181,1.25,1.337,1.437,1.468,1.606,1.688,1.37,1.471,1.692,1.867
Argentina,233.696,189.802,94.25,116.267,130.544,98.599,118.565,121.561,142.386,91.352,158.024,211.979,255.787,264.429,287.835,288.497,304.282,327.436,334.244,316.998,317.759,300.421,112.458,142.431,164.911,199.273,232.892,287.921,363.545,334.633,424.729,527.644,579.666,611.471,563.614,642.464,556.774,643.861,524.431,451.815,389.064,486.702,630.698,643.797
Armenia,0,0,0,0,0,0,0,0,0,0,0,0,0.108,0.835,0.648,1.287,1.597,1.639,1.892,1.845,1.912,2.118,2.376,2.807,3.577,4.9,6.384,9.206,11.662,8.648,9.26,10.142,10.619,11.121,11.61,10.553,10.546,11.527,12.458,13.619,12.641,13.928,17.693,19.46
Aruba,0,0,0,0,0,0,0,0,0,0,0,0,0,0,0,1.321,1.38,1.532,1.665,1.723,1.873,1.896,1.962,2.044,2.255,2.36,2.47,2.678,2.843,2.554,2.454,2.638,2.615,2.728,2.791,2.963,2.984,3.092,3.202,3.369,2.61,3.126,3.499,3.676
Australia,162.821,188.29,186.93,179.364,197.011,174.274,181.362,212.964,270.916,308.103,323.815,324.231,317.903,309.156,353.15,378.853,424.41,426.168,381.122,411.455,399.65,377.526,425.115,540.95,658.379,735.633,782.398,949.037,1055.936,999.994,1253.606,1514.658,1569.221,1518.966,1456.432,1233.112,1263.833,1381.986,1416.818,1386.697,1357.639,1635.255,1724.787,1787.948
Austria,80.923,70.121,70.111,71.032,67.007,68.624,97.375,121.771,133.591,133.263,166.866,174.435,195.506,190.383,203.97,241.234,237.343,213.045,218.557,217.475,197.377,197.51,214.243,262.208,301.321,316.267,336.298,389.231,432.005,401.323,392.595,431.609,409.661,430.197,442.699,382.01,395.728,417.114,455.374,445.061,432.912,477.084,468.046,472.686
Azerbaijan,0,0,0,0,0,0,0,0,0,0,0,0,1.193,1.309,2.258,2.417,3.177,3.963,4.28,4.581,5.273,5.475,6.232,7.276,8.682,13.273,21.027,33.09,48.979,44.289,52.913,65.99,69.687,74.16,75.24,50.844,37.83,41.375,47.113,48.174,42.693,54.622,70.066,71.212
"Bahamas, The",2.598,2.692,3.031,3.373,3.603,3.923,4.241,4.669,4.855,5.473,5.218,5.128,5.125,5.097,5.372,5.653,5.95,6.332,6.833,7.684,8.076,8.318,8.881,8.87,9.055,9.836,10.167,10.618,10.526,9.982,10.096,10.07,10.72,10.563,11.176,11.862,11.835,12.358,12.756,13.193,9.7,11.209,12.693,13.752
Bahrain,3.593,4.056,4.264,4.368,4.534,4.278,3.347,3.626,4.481,4.675,4.965,5.209,5.442,5.986,6.411,6.787,7.057,7.318,6.996,7.582,9.063,9.189,9.594,11.075,13.15,15.969,18.505,21.73,25.711,22.938,25.713,28.777,30.749,32.539,33.388,31.051,32.235,35.474,37.802,38.653,34.723,38.869,43.544,45.032
Bangladesh,24.775,26.355,24.678,23.904,26.817,28.819,29.639,32.449,34.914,38.07,41.068,42.488,43.292,43.684,46.438,51.842,55.445,57.599,59.879,61.526,63.549,64.66,66.227,71.917,78.046,82.622,86.028,95.374,109.765,122.76,138.094,154.097,159.749,179.676,207.102,233.687,265.236,293.755,321.379,351.238,373.902,416.265,460.751,484.756
Barbados,1.018,1.12,1.171,1.243,1.355,1.418,1.557,1.714,1.823,2.018,2.024,2.032,1.957,2.075,2.163,2.229,2.377,2.513,2.833,2.969,3.059,3.055,3.106,3.21,3.444,3.82,4.217,4.674,4.785,4.466,4.53,4.658,4.61,4.677,4.696,4.715,4.83,4.978,5.087,5.298,4.677,4.854,5.788,6.277
Belarus,0,0,0,0,0,0,0,0,0,0,0,0,12.8,11.408,15.687,10.532,14.494,14.091,15.215,12.133,10.785,12.778,15.092,18.42,23.928,31.239,38.219,46.815,62.798,50.855,57.22,61.368,65.669,75.496,78.736,56.329,47.703,54.723,60.011,64.414,61.312,68.208,79.704,91.985
Belgium,123.478,102.245,89.958,85.037,81.237,84.467,117.063,145.411,158.097,159.816,200.149,205.369,228.732,218.72,238.622,288.301,279.292,253.022,258.876,258.5,236.897,236.748,258.2,318.004,369.047,385.927,408.281,470.978,517.27,482.73,481.814,523.239,496.467,521.799,535.529,462.383,475.931,502.587,543.593,535.437,521.26,599.107,589.491,596.743
Belize,0.223,0.232,0.232,0.244,0.273,0.271,0.295,0.345,0.407,0.47,0.533,0.578,0.672,0.726,0.75,0.796,0.828,0.845,0.892,0.95,1.082,1.129,1.199,1.267,1.356,1.427,1.544,1.645,1.701,1.664,1.735,1.814,1.901,2.035,2.139,2.199,2.228,2.263,2.273,2.371,2.019,2.426,2.676,2.858
Benin,2.302,1.557,1.542,1.365,1.456,1.58,2.036,2.43,2.552,2.37,2.89,2.954,3.284,3.199,2.227,2.993,3.251,3.124,3.362,3.681,3.522,3.666,4.191,5.348,6.187,6.571,7.034,8.17,9.787,9.728,9.543,10.691,11.148,12.518,13.288,11.389,11.818,12.697,14.257,14.392,15.674,17.699,17.547,18.247
Bhutan,0.123,0.133,0.14,0.151,0.156,0.162,0.183,0.222,0.254,0.253,0.273,0.236,0.231,0.242,0.245,0.287,0.301,0.337,0.371,0.389,0.423,0.441,0.481,0.572,0.649,0.758,0.812,0.995,1.26,1.184,1.399,1.695,1.772,1.806,1.784,1.974,2.064,2.294,2.509,2.452,2.421,2.442,2.707,2.958
Bolivia,3.589,3.44,3.813,3.609,3.752,4.059,3.97,4.323,4.598,4.716,4.868,5.335,5.635,5.724,5.974,6.707,7.385,7.919,8.49,8.269,8.385,8.155,7.917,8.092,8.785,9.573,11.52,13.216,16.792,17.464,19.786,24.135,27.282,30.883,33.237,33.241,34.189,37.782,40.581,41.193,36.897,40.703,43.431,45.989
Bosnia and Herzegovina,0,0,0,0,0,0,0,0,0,0,0,0,0,0,0,0,3.584,4.578,5.281,5.766,5.554,5.784,6.711,8.477,10.157,10.935,12.46,15.323,18.712,17.601,17.164,18.629,17.207,18.155,18.522,16.21,16.91,18.081,20.184,20.203,19.951,23.365,23.681,24.531
Botswana,1.174,1.037,1.094,1.208,1.2,1.117,1.515,2.374,3.082,3.441,3.799,3.802,3.928,3.957,4.258,4.805,4.926,5.011,4.808,5.413,5.682,5.46,5.395,7.469,8.819,9.833,9.919,10.566,10.731,10.118,12.637,15.111,13.907,14.272,15.47,13.531,15.083,16.105,17.032,16.696,14.93,17.614,18.005,18.668
Brazil,145.819,167.583,179.166,143.652,142.957,226.938,263.256,286.539,320.105,439.434,455.335,399.249,382.465,429.184,546.764,770.86,851.146,883.862,864.307,599.642,655.454,559.982,509.798,558.232,669.29,891.633,1107.628,1397.114,1695.855,1669.204,2208.704,2614.027,2464.054,2471.718,2456.054,1800.045,1796.622,2063.519,1916.934,1873.286,1448.55,1608.08,1894.708,2059.443
Brunei Darussalam,0,0,0,0,0,4.794,3.266,3.843,3.661,4.078,4.886,5.215,5.484,5.545,5.956,7.098,7.149,6.99,5.312,5.736,6.65,6.206,6.475,7.266,8.723,10.561,12.71,13.571,15.949,11.892,13.707,18.525,19.048,18.094,17.098,12.93,11.4,12.128,13.567,13.469,12.006,14.006,18.464,17.937
Bulgaria,32.352,34.895,36.394,37.4,39.728,34.016,30.106,34.897,57.029,58.082,25.608,2.509,10.183,5.527,9.716,16.276,12.295,11.317,15.031,13.628,13.246,14.183,16.403,21.146,26.158,29.868,34.38,44.404,54.434,52.024,50.683,57.68,54.299,55.812,57.082,50.782,53.949,59.322,66.428,68.919,69.995,80.327,85.008,89.333
Burkina Faso,2.386,2.076,1.934,1.767,1.579,1.746,2.29,2.665,2.942,2.942,3.488,3.526,3.775,3.599,2.164,2.676,2.909,2.753,3.155,3.388,2.961,3.19,3.62,4.74,5.449,6.15,6.548,7.627,9.45,9.44,10.118,12.078,12.569,13.444,13.947,11.833,12.83,14.102,16.067,15.991,17.378,19.095,18.268,18.946
Burundi,0.951,0.989,1.045,1.106,1.005,1.17,1.233,1.161,1.088,1.131,1.131,1.167,1.082,0.938,0.924,1,0.868,0.972,0.893,0.866,0.87,0.877,0.825,0.785,0.915,1.117,1.273,1.356,1.612,1.775,2.032,2.236,2.333,2.456,2.706,3.104,2.96,3.172,3.037,3.012,3.086,3.351,3.686,3.995
Cabo Verde,0.157,0.154,0.155,0.152,0.145,0.152,0.21,0.26,0.292,0.295,0.339,0.353,0.395,0.398,0.448,0.536,0.553,0.54,0.575,0.657,0.609,0.616,0.679,0.891,1.023,1.091,1.237,1.513,1.788,1.698,1.664,1.866,1.742,1.85,1.86,1.597,1.663,1.77,2.155,2.172,1.871,2.112,2.053,2.14
Cambodia,0,0,0,0,0,0,0.205,0.141,0.276,0.346,0.899,2.011,2.439,2.427,2.765,3.441,3.507,3.443,3.13,3.513,3.667,3.992,4.289,4.665,5.334,6.286,7.267,8.63,10.341,10.391,11.232,12.817,14.056,15.227,16.702,18.082,20.043,22.206,24.598,27.087,25.192,26.313,28.33,30.708
Cameroon,8.85,10.026,9.616,9.692,10.243,10.698,13.945,16.152,16.403,14.626,14.641,16.325,14.963,15.611,10.622,10.075,11.227,11.352,11.338,11.553,10.245,10.95,12.369,15.944,18.803,19.534,20.912,23.931,27.712,27.903,27.53,30.626,30.174,33.729,36.396,32.213,33.805,36.086,39.992,39.673,40.863,45.391,44.212,46.017
Canada,276.064,307.246,314.639,341.863,356.728,366.184,379.015,433.14,509.38,567.225,596.089,612.514,594.376,579.059,579.913,605.941,630.598,655.01,634.004,678.417,744.631,738.968,760.149,895.599,1026.473,1173.505,1319.356,1468.896,1552.864,1376.509,1617.345,1793.327,1828.362,1846.595,1805.751,1556.508,1527.996,1649.266,1725.3,1742.015,1645.423,1988.336,2200.352,2326.62
Central African Republic,0.714,0.743,0.719,0.69,0.67,0.883,1.158,1.275,1.372,1.354,1.572,1.498,1.494,1.309,0.858,1.117,1,0.979,1.036,1.039,0.868,0.899,0.983,1.188,1.31,1.413,1.538,1.755,2.033,2.059,2.141,2.435,2.512,1.692,1.896,1.696,1.825,2.072,2.279,2.278,2.389,2.584,2.488,2.639
Chad,0.738,0.873,0.844,0.844,0.907,0.983,1.211,1.372,1.604,1.515,1.826,1.809,1.886,1.648,1.335,1.636,1.819,1.748,1.975,1.739,1.572,1.936,2.257,3.102,5.003,6.676,7.451,8.687,10.43,9.315,10.701,12.183,12.411,12.994,14.003,10.952,10.202,10.079,11.042,10.993,10.728,11.796,12.945,13.523
Chile,29.025,34.366,25.624,20.814,20.241,17.356,18.657,22.005,25.941,29.882,33.223,38.24,46.586,49.843,57.504,74.102,78.557,85.686,81.974,75.511,78.195,71.498,70.282,76.506,99.087,122.345,153.91,172.537,179.526,171.56,216.899,251.084,267.122,277.269,259.398,242.508,249.209,276.182,295.145,278.347,252.346,316.77,310.866,347.57
"China, People's Republic of",303.004,288.699,284.601,305.428,314.23,310.133,300.92,327.728,408.663,458.18,396.59,413.209,492.148,617.433,561.686,730.996,860.468,957.991,1024.167,1088.346,1205.532,1333.649,1465.829,1656.962,1949.446,2290.019,2754.149,3555.655,4577.28,5088.992,6033.83,7492.212,8539.584,9624.928,10524.241,11113.508,11226.897,12265.327,13841.812,14340.6,14862.564,17744.64,18321.197,19243.974
Colombia,46.482,50.64,54.23,53.898,53.235,48.561,48.628,50.619,54.57,55.026,56.048,57.931,68.551,77.69,97.625,110.519,116.083,127.439,117.677,103.09,99.23,97.566,97.313,94.033,116.336,145.601,161.793,206.23,242.504,232.469,286.499,334.966,370.691,382.094,381.241,293.493,282.72,311.89,334.124,323.055,270.415,314.409,342.919,361.941
Comoros,0.242,0.212,0.201,0.195,0.188,0.191,0.257,0.312,0.336,0.328,0.401,0.4,0.436,0.427,0.314,0.392,0.392,0.362,0.363,0.372,0.339,0.373,0.427,0.547,0.622,0.656,0.689,0.796,0.916,0.904,0.909,1.023,1.016,1.116,1.15,0.966,1.013,1.077,1.179,1.188,1.218,1.284,1.242,1.29
"Congo, Dem. Rep. of the",68.606,59.726,64.939,52.378,34.951,31.943,35.84,33.932,39.314,40.006,41.448,40.25,36.333,47.45,25.746,25.021,32.099,28.819,21.089,19.147,19.077,7.246,8.72,9.022,10.275,12.069,14.376,16.778,19.548,18.495,21.541,25.853,29.35,32.695,35.911,37.915,36.64,37.981,47.146,50.399,48.707,56.553,63.909,70.354
"Congo, Republic of ",2.165,1.775,1.548,1.407,1.294,1.327,1.815,2.205,2.346,2.478,2.909,3.035,3.28,3.004,2.068,2.457,2.84,2.568,2.24,2.646,3.624,3.038,3.33,3.863,5.101,6.654,8.073,8.784,11.649,9.713,13.159,15.653,17.704,17.959,17.918,11.891,10.159,11.11,13.649,12.791,10.33,12.641,14.486,14.338
Costa Rica,4.854,2.636,2.619,3.162,3.678,3.941,4.425,4.554,4.636,5.25,5.737,7.197,8.566,9.586,10.489,11.578,11.683,12.618,13.688,14.259,15.016,15.979,16.584,17.277,18.615,20.049,22.717,26.885,30.802,30.746,37.656,42.762,47.231,50.949,52.017,56.442,58.847,60.517,62.422,64.412,62.144,64.417,68.489,72.958
Croatia,0,0,0,0,0,0,0,0,0,0,0,0,12.284,13.007,17.401,22.455,23.672,24.045,25.422,23.444,21.84,23.274,27.075,34.985,41.959,45.78,50.86,60.543,70.751,63.084,60.426,63.17,57.193,58.889,58.33,50.163,52.295,56.214,62.248,62.246,57.203,67.707,69.38,73.49
Cyprus,2.314,2.242,2.319,2.321,2.447,2.611,3.317,3.979,4.589,4.901,6.003,6.195,7.424,7.098,8.004,9.937,10.016,9.544,10.251,10.502,9.988,10.397,11.422,14.552,17.327,18.713,20.422,24.082,27.955,26.02,25.753,27.56,24.993,23.9,23.162,19.844,20.947,22.863,25.535,25.762,24.672,27.738,26.705,27.592
Czech Republic,0,0,0,0,0,0,0,0,0,0,0,0,0,0,0,60.139,67.388,62.171,66.782,65.173,61.823,67.809,82.184,100.125,119.815,137.143,156.264,189.988,237.131,207.558,209.07,229.563,208.858,211.686,209.359,188.033,196.272,218.629,249.001,252.548,245.975,281.778,295.618,314.718
Côte d'Ivoire,13.877,11.501,10.32,9.312,9.284,9.47,12.675,13.944,14.092,13.487,14.923,14.504,15.416,15.268,11.492,15.205,16.78,16.203,17.433,17.114,14.851,15.485,17.147,21.205,22.924,23.625,24.628,28.158,33.621,33.693,34.431,35.529,37.03,43.228,48.882,45.815,47.964,51.588,58.011,58.539,61.437,70.08,68.63,72.689
Denmark,71.127,61.878,60.413,60.645,59.105,62.658,88.079,109.414,115.552,112.41,138.248,139.226,152.915,143.195,156.164,185.008,187.633,173.539,176.991,177.964,164.158,164.791,178.635,218.097,251.375,264.467,282.886,319.424,353.359,321.243,321.995,344.003,327.149,343.584,352.994,302.673,313.116,332.121,356.841,346.499,355.223,398.303,386.724,393.978
Djibouti,0,0,0,0,0,0,0,0,0,0,0.635,0.649,0.671,0.654,0.69,0.699,0.693,0.706,0.722,0.759,0.78,0.811,0.837,0.881,0.935,0.995,1.079,1.19,1.381,1.425,1.542,1.739,1.9,2.043,2.215,2.424,2.605,2.763,2.913,3.089,3.181,3.372,3.725,3.984
Dominica,0.073,0.082,0.09,0.099,0.109,0.119,0.135,0.152,0.171,0.185,0.201,0.22,0.234,0.246,0.264,0.275,0.292,0.303,0.322,0.332,0.333,0.34,0.333,0.343,0.367,0.364,0.39,0.421,0.458,0.489,0.494,0.501,0.486,0.498,0.52,0.541,0.576,0.522,0.555,0.612,0.504,0.537,0.599,0.658
Dominican Republic,8.672,9.698,9.141,9.461,14.87,6.496,7.891,8.305,7.605,8.589,7.995,9.887,11.605,13.081,14.645,16.637,18.242,20.017,21.672,22.137,24.306,25.602,27.249,21.518,22.506,35.948,37.998,44.067,48.206,48.319,53.921,58.088,60.747,62.758,67.264,71.254,75.777,80.082,85.63,89.032,78.923,94.714,112.417,122.324
Ecuador,16.84,17.243,17.214,15.129,16.101,18.83,13.816,12.91,12.277,12.049,12.236,13.73,15.012,17.537,21.147,22.968,24.035,27.009,27.474,19.74,18.319,24.468,28.549,32.433,36.592,41.507,46.802,51.008,61.763,62.52,69.555,79.277,87.925,95.13,101.726,99.29,99.938,104.296,107.562,108.108,99.291,106.166,115.469,120.292
Egypt,23.523,25.76,30.479,37.254,41.888,48.841,54.076,77.359,92.53,115.362,96.087,48.431,44.168,49.526,54.55,63.25,71.118,79.777,89.189,95.039,104.752,102.273,90.261,85.163,82.855,94.127,112.902,137.055,170.797,198.316,230.024,247.726,278.769,288.007,309.537,340.688,345.537,246.824,263.151,317.895,382.521,423.145,469.094,471.364
El Salvador,3.912,3.449,3.406,3.261,2.385,2.319,2.335,2.374,2.771,3.167,4.818,5.252,5.813,6.68,7.679,8.922,9.586,10.222,10.937,11.284,11.785,12.283,12.664,13.244,13.725,14.698,16,17.012,17.987,17.602,18.448,20.284,21.386,21.991,22.593,23.438,24.191,24.979,26.021,26.881,24.563,28.737,31.989,33.418
Equatorial Guinea,0.032,0.03,0.035,0.04,0.044,0.074,0.091,0.111,0.119,0.105,0.133,0.132,0.16,0.162,0.12,0.169,0.276,0.526,0.44,0.738,1.159,1.674,2.071,3.768,5.954,8.187,10.095,13.089,19.83,15.088,16.314,21.357,22.388,21.949,21.765,13.185,11.241,12.201,13.097,11.364,10.099,12.269,16.877,15.576
Eritrea,0,0,0,0,0,0,0,0,0,0,0,0,0.606,0.374,0.433,0.483,0.579,0.594,0.626,0.614,0.547,0.582,0.564,0.673,0.858,0.85,0.937,1.02,0.923,1.297,1.59,2.065,2.255,1.958,2.604,2.016,2.213,1.904,2.006,1.982,2.112,2.201,2.369,2.608
Estonia,0,0,0,0,0,0,0,0,0,0,0,0,0,1.791,2.507,3.909,4.785,5.16,5.678,5.772,5.707,6.269,7.391,9.891,12.158,14.126,17.047,22.476,24.433,19.693,19.568,23.21,23.034,25.116,26.641,22.893,24.066,26.915,30.639,31.085,31.345,37.216,39.054,41.533
Eswatini,0.754,0.798,0.714,0.734,0.628,0.497,0.635,0.831,0.986,1.006,1.237,1.285,1.425,1.497,1.621,1.932,1.83,1.957,1.797,1.764,1.739,1.544,1.436,2.198,2.774,3.177,3.293,3.465,3.298,3.596,4.438,4.826,4.887,4.6,4.426,4.061,3.815,4.407,4.665,4.495,3.984,4.744,4.669,4.873
Ethiopia,7.385,7.578,7.973,8.863,8.375,9.808,10.188,10.89,11.285,11.872,12.595,13.928,14.696,9.143,8.135,7.887,8.794,8.621,7.815,7.515,8.167,8.103,7.828,8.604,10.122,12.387,15.31,19.329,26.25,28.672,26.887,30.48,42.221,46.544,54.165,63.081,72.12,76.841,80.207,92.608,96.611,99.269,111.181,126.186
Fiji,1.303,1.339,1.293,1.217,1.276,1.236,1.398,1.276,1.202,1.281,1.448,1.5,1.659,1.772,1.977,2.134,2.307,2.268,1.795,2.104,1.824,1.798,1.996,2.509,2.954,3.257,3.361,3.688,3.816,3.106,3.402,4.094,4.303,4.539,4.857,4.682,4.93,5.353,5.581,5.482,4.477,4.296,4.859,5.368
Finland,53.714,52.62,53.111,51.056,53.032,56.223,73.652,91.775,109.255,119.106,141.718,128.194,113.134,89.279,103.739,134.339,132.183,127.076,134.212,135.398,126.075,129.534,140.305,171.609,197.39,204.999,217.101,256.408,285.685,253.222,249.628,275.556,258.454,271.366,274.934,234.558,240.705,255.558,275.833,268.545,271.61,297.575,281.411,283.507
France,702.243,618.954,588.015,562.499,532.339,557.561,772.838,935.117,1020.878,1026.179,1272.433,1273.594,1404.391,1324.236,1396.653,1602.13,1606.035,1454.555,1505.184,1494.634,1366.243,1377.667,1500.348,1844.083,2118.671,2198.16,2320.659,2660.905,2929.983,2697.955,2647.348,2864.653,2685.371,2811.918,2856.701,2439.436,2472.282,2594.235,2792.223,2729.171,2636.022,2957.425,2778.09,2806.69
Gabon,4.559,4.111,3.853,3.689,3.547,3.736,4.889,3.699,4.079,4.458,6.339,5.754,5.955,5.757,4.463,5.281,6.064,5.673,4.774,4.966,5.397,5.023,5.332,6.51,7.767,9.468,10.164,12.457,15.57,12.188,14.384,18.207,17.181,17.596,18.209,14.385,14.02,14.924,16.875,16.875,15.339,20.242,22.221,21.545
"Gambia, The",0.606,0.579,0.548,0.551,0.396,0.482,0.376,0.504,0.585,0.614,0.721,0.76,0.82,0.878,0.87,0.909,0.949,0.983,1.009,1.036,1.01,1.002,0.887,0.843,0.962,1.028,1.054,1.28,1.562,1.45,1.543,1.41,1.415,1.376,1.229,1.355,1.47,1.498,1.662,1.806,1.809,2.034,2.172,2.333
Georgia,0,0,0,0,0,0,0,0,0,0,0,0,0,0,0.85,1.961,3.148,3.608,3.73,2.898,3.144,3.311,3.493,4.103,5.269,6.59,7.979,10.458,13.158,11.069,12.242,15.107,16.489,17.188,17.627,14.953,15.141,16.242,17.599,17.477,15.846,18.696,25.172,26.947
Germany,853.705,718.264,693.547,691.912,651.9,661.037,944.124,1174.861,1266.623,1257.393,1598.64,1875.618,2136.312,2072.457,2209.934,2588.002,2498.113,2214.694,2242.065,2197.125,1948.843,1945.804,2077.016,2501.014,2813.076,2848.438,2994.862,3425.982,3744.854,3407.557,3402.444,3748.655,3529.377,3733.859,3890.095,3357.926,3468.896,3689.547,3976.246,3888.655,3886.555,4262.767,4031.149,4120.242
Ghana,37.35,60.694,70.406,47.317,17.113,15.255,14.072,11.777,12.523,12.733,14.749,16.506,16.312,13.348,12.32,14.61,15.482,15.794,17.166,17.766,11.47,12.234,14.205,17.528,20.302,24.6,28.883,34.044,38.659,34.601,43.327,53.849,56.854,63.702,54.285,49.437,56.144,60.385,67.259,68.353,70.008,79.157,75.996,70.086
Greece,56.529,52.161,54.415,49.184,47.922,47.532,55.945,65.129,75.803,78.582,97.137,104.742,115.484,108.103,115.694,135.786,144.642,142.117,143.424,148.151,131.082,135.16,153.152,200.613,238.823,245.92,271.254,316.25,352.866,328.156,297.368,282.946,242.183,238.911,235.519,195.703,193.095,199.773,212.146,205.166,188.684,216.384,222.008,226.347
Grenada,0.111,0.116,0.125,0.132,0.146,0.168,0.188,0.215,0.236,0.267,0.278,0.301,0.31,0.31,0.325,0.342,0.367,0.392,0.446,0.482,0.52,0.52,0.54,0.591,0.599,0.695,0.699,0.759,0.826,0.771,0.771,0.779,0.8,0.843,0.911,0.997,1.062,1.126,1.167,1.213,1.043,1.115,1.192,1.276
Guatemala,7.718,8.431,8.539,8.864,9.276,10.951,5.921,6.857,7.426,8.561,7.493,9.161,10.15,11.032,12.501,14.04,14.993,16.981,18.441,17.391,18.124,19.735,21.924,23.092,24.977,28.179,31.308,35.028,40.242,37.997,41.493,47.419,49.902,52.989,57.835,62.18,66.034,71.624,73.331,77.154,77.625,85.974,91.318,95.596
Guinea,2.4,2.381,2.335,2.284,2.327,2.473,2.675,2.84,3.317,3.384,3.71,4.195,4.57,4.562,4.707,5.139,5.316,5.212,5.003,4.798,4.039,3.806,4.022,4.759,5.054,4.506,4.178,6.317,6.966,6.753,6.858,6.034,7.304,8.374,8.777,8.79,8.604,10.325,11.857,13.443,14.178,16.146,19.745,21.738
Guinea-Bissau,0.289,0.37,0.421,0.475,0.33,0.485,0.474,0.401,0.374,0.449,0.548,0.772,0.846,0.653,0.361,0.778,0.741,0.704,0.592,0.58,0.392,0.413,0.466,0.553,0.582,0.64,0.635,0.753,0.953,0.889,0.941,1.157,1.05,1.11,1.136,1.153,1.245,1.469,1.555,1.487,1.523,1.703,1.624,1.692
Guyana,0.842,0.808,0.692,0.703,0.654,0.697,0.789,0.728,0.828,0.832,0.685,0.744,0.823,1.003,1.176,1.332,1.495,1.587,1.5,1.488,1.497,1.504,1.555,1.592,1.657,1.712,1.899,2.225,2.491,2.596,2.889,3.328,4.063,4.168,4.128,4.28,4.483,4.748,4.788,5.174,5.471,7.717,14.839,16.804
Haiti,2.664,2.932,3.05,3.273,3.627,4.028,4.475,2.205,1.45,1.34,1.706,1.53,0.918,1.107,3.054,4.846,5,5.748,6.408,7.148,6.81,6.285,6.064,4.866,6.037,7.186,7.507,9.522,10.488,11.598,11.852,13.009,13.709,14.904,15.137,14.831,13.996,15.036,16.454,14.787,14.508,21.017,20.182,21.91
Honduras,3.968,4.044,4.267,4.477,4.915,5.278,5.678,6.191,6.877,7.877,4.923,4.649,4.944,4.961,4.642,5.415,5.217,5.736,6.366,6.417,7.187,7.651,7.858,8.23,8.869,9.757,10.917,12.361,13.882,14.587,15.839,17.71,18.529,18.5,19.757,20.98,21.718,23.136,24.068,25.091,23.827,28.49,30.568,32.259
Hong Kong SAR,28.862,31.055,32.291,29.907,33.511,35.7,41.076,50.623,59.708,68.79,76.929,88.96,104.272,120.354,135.812,144.652,159.718,177.349,168.858,165.734,171.643,169.381,166.336,161.37,169.085,181.556,193.515,211.583,219.279,214.048,228.639,248.514,262.629,275.697,291.46,309.386,320.86,341.271,361.731,363.052,344.923,369.158,368.373,387.458
Hungary,23.042,23.629,24.064,21.839,21.174,21.441,24.698,27.144,29.703,30.323,34.366,34.754,38.731,40.125,43.167,46.426,46.659,47.297,48.707,49.073,47.218,53.75,67.609,85.302,103.96,112.981,115.577,139.966,158.136,130.76,131.917,141.76,128.475,135.412,140.765,125.074,128.636,143.136,160.587,163.517,156.743,182.281,184.651,195.631
Iceland,3.434,3.543,3.251,2.793,2.892,3.009,4.014,5.561,6.145,5.7,6.504,6.949,7.105,6.225,6.393,7.124,7.426,7.57,8.504,8.982,9.026,8.235,9.318,11.429,13.825,16.853,17.465,21.653,18.075,13.154,13.751,15.222,14.752,16.125,17.868,17.517,20.793,24.728,26.264,24.826,21.695,25.602,27.702,29.623
India,189.438,196.535,203.537,222.049,215.556,237.618,252.751,283.75,299.645,301.234,326.608,274.842,293.262,284.194,333.014,366.6,399.791,423.189,428.767,466.867,476.61,493.953,523.97,618.358,721.589,834.217,949.117,1238.7,1224.096,1365.373,1708.46,1823.052,1827.637,1856.721,2039.127,2103.588,2294.797,2651.474,2702.93,2831.553,2667.686,3176.296,3468.566,3820.573
Indonesia,99.296,110.848,113.799,103.149,107.218,107.062,101.22,95.214,107.279,122.582,138.258,154.558,168.28,190.913,213.727,244.227,274.722,260.68,115.323,169.158,179.482,174.507,212.807,255.428,279.556,310.815,396.293,470.144,558.582,577.539,755.256,892.59,919.002,916.646,891.051,860.741,932.066,1015.488,1042.711,1119.452,1062.164,1187.319,1289.429,1388.683
Iran,95.846,101.481,125.8,156.927,161.721,180.541,208.928,277.019,311.932,379.427,581.008,304.065,50.472,64.449,79.818,114.941,158.032,184.138,205,275.092,366.917,330.978,132.682,158.416,188.961,228.428,272.361,360.928,425.699,440.408,517.899,625.43,421.882,428.321,460.809,408.288,458.042,486.829,516.221,651.524,971.223,1589.869,1973.738,2044.152
Iraq,0,0,0,0,0,0,0,0,0,0,0,0,0,0,0,0,0,0,10.469,18.449,25.857,18.936,18.97,15.8,36.642,50.065,65.144,88.833,131.614,111.66,138.517,185.75,218.032,234.638,234.651,177.634,167.798,192.343,223.496,233.669,169.444,206.747,282.876,273.921
Ireland,21.425,20.423,21.313,20.618,19.883,21.168,28.516,33.66,36.875,38.03,48.199,48.84,54.911,51.364,55.843,69.26,75.928,82.957,90.305,98.993,100.253,109.347,128.505,164.63,194.283,211.993,232.193,270.112,275.417,236.185,222.096,238.959,225.771,238.344,259.237,291.805,299.009,336.259,385.911,399.366,425.511,504.517,519.776,549.088
Israel,24.915,26.399,28.292,31.553,29.871,27.763,34.179,40.823,50.57,51.453,60.715,68.873,76.961,77.351,88.297,104.893,114.507,118.861,120.057,120.922,136.034,134.637,125.06,131.299,139.974,147.084,158.67,184.053,220.53,211.968,238.364,266.792,262.283,297.733,314.33,303.414,322.103,358.246,376.692,402.47,413.268,488.527,527.179,564.15
Italy,482.655,437.701,432.572,448.896,443.513,458.003,648.677,814.158,902.023,938.147,1170.839,1236.776,1312.397,1055.336,1088.506,1175.276,1312.784,1243.229,1271.702,1253.69,1147.184,1168.032,1275.867,1577.226,1805.723,1859.245,1949.655,2213.364,2408.391,2197.54,2137.844,2294.591,2088.28,2141.954,2162.566,1836.824,1876.553,1961.104,2092.881,2011.507,1891.058,2101.275,1996.934,1991.008
Jamaica,2.565,2.817,3.235,2.875,2.119,1.993,2.369,2.672,3.184,3.692,4.663,4.285,4.328,5.44,5.453,6.549,7.394,8.4,8.787,8.887,9.065,9.195,9.719,9.43,10.175,11.233,11.946,12.881,13.743,12.107,13.193,14.413,14.765,14.213,13.865,14.154,14.108,14.755,15.648,15.808,13.967,15.386,16.104,16.436
Japan,1127.876,1243.79,1157.601,1268.62,1345.204,1427.354,2121.25,2584.339,3134.179,3117.068,3196.556,3657.348,3988.334,4544.766,4998.797,5545.567,4923.393,4492.449,4098.362,4635.981,4968.359,4374.71,4182.845,4519.563,4893.135,4831.466,4601.663,4579.749,5106.679,5289.494,5759.072,6233.147,6272.364,5212.328,4896.995,4444.931,5003.678,4930.837,5040.885,5120.31,5031.62,4932.556,4300.621,4365.976
Jordan,4.03,4.525,4.83,5.075,5.127,5.157,6.604,6.962,6.522,4.385,4.29,4.481,5.537,5.704,6.391,6.857,7.145,7.472,8.159,8.403,8.725,9.255,9.882,10.514,11.768,12.982,15.527,17.645,22.648,24.538,27.134,29.524,31.679,34.503,36.9,38.642,39.949,41.467,42.993,44.566,43.759,45.307,48.066,50.837
Kazakhstan,0,0,0,0,0,0,0,0,0,0,0,0,2.875,5.152,11.881,16.639,21.035,22.166,22.135,16.87,18.292,22.153,24.637,30.834,43.152,57.125,81.003,104.85,133.442,115.309,148.047,192.626,207.999,236.635,221.416,184.388,137.289,166.806,179.34,181.667,171.082,197.112,224.338,243.396
Kenya,13.449,12.667,12.196,11.279,11.703,11.646,13.832,15.163,15.722,15.586,16.219,15.315,15.084,10.479,12.547,15.905,18.064,18.3,20.63,18.594,18.206,18.697,19.03,21.391,22.79,26.308,29.668,36.708,41.059,42.347,45.406,46.555,56.407,61.703,68.395,70.37,74.816,81.965,92.211,100.328,100.931,110.519,114.858,117.559
Kiribati,0.042,0.044,0.041,0.038,0.042,0.032,0.031,0.036,0.045,0.044,0.043,0.047,0.048,0.047,0.055,0.056,0.067,0.067,0.066,0.069,0.068,0.063,0.072,0.091,0.103,0.112,0.11,0.133,0.144,0.134,0.156,0.181,0.19,0.185,0.178,0.171,0.179,0.188,0.196,0.178,0.182,0.207,0.207,0.218
"Korea, Republic of",65.368,72.934,78.349,87.761,97.511,101.296,116.836,147.949,199.593,246.929,283.365,330.658,355.516,392.731,463.432,566.595,610.164,570.594,382.855,497.254,576.483,547.743,626.989,702.696,792.532,934.708,1052.61,1172.465,1049.168,943.739,1143.568,1253.419,1278.046,1370.633,1484.489,1466.039,1499.362,1623.074,1725.373,1651.423,1644.676,1810.966,1734.207,1792.467
Kosovo,0,0,0,0,0,0,0,0,0,0,0,0,0,0,0,0,0,0,0,0,2.217,2.509,2.73,3.39,3.71,3.828,4.019,4.868,5.202,5.03,5.348,6.34,6.167,6.735,7.076,6.296,6.681,7.178,7.882,7.9,7.728,9.068,9.242,9.815
Kuwait,28.724,25.249,21.583,20.317,21.457,21.54,17.376,20.817,19.281,23.855,18.293,10.826,19.866,23.996,24.796,27.189,31.492,30.35,25.944,30.123,37.721,34.886,38.135,47.844,59.439,80.807,101.559,114.677,147.402,105.992,115.401,154.02,174.066,174.179,162.695,114.606,109.381,120.687,138.202,136.192,105.949,135.761,183.568,172.59
Kyrgyz Republic,0,0,0,0,0,0,0,0,0,0,0,0,0.917,0.665,1.108,1.493,1.822,1.767,1.63,1.242,1.368,1.525,1.606,1.92,2.214,2.459,2.837,3.807,5.139,4.69,4.794,6.198,6.604,7.335,7.467,6.678,6.813,7.703,8.271,8.872,7.792,8.538,9.75,10.88
Lao P.D.R.,1.913,1.118,1.119,2.047,2.93,3.685,2.577,1.815,1.182,1.46,1.742,2.053,2.354,2.652,3.081,3.579,3.726,3.515,1.334,1.415,1.72,1.757,1.844,2.26,2.651,3.079,3.934,4.757,5.946,6.431,7.506,8.964,10.194,11.972,13.266,14.418,15.905,17.055,18.131,18.791,18.524,18.546,16.25,15.042
Latvia,0,0,0,0,0,0,0,0,0,0,0,0,1.694,2.728,4.533,5.411,5.975,6.529,7.169,7.535,7.963,8.363,9.564,11.777,14.44,17.03,21.589,31.1,36.023,26.48,23.998,27.74,28.191,30.21,31.395,27.266,28.076,30.473,34.445,34.313,33.619,38.898,40.588,42.925
Lebanon,4.02,3.843,2.621,3.611,4.269,3.566,2.78,3.254,3.269,2.682,2.801,4.392,5.472,7.435,8.988,10.971,12.824,15.535,17.059,17.174,17.018,17.361,18.837,19.486,21.16,21.497,22.023,24.827,29.119,35.4,38.444,39.927,44.017,46.88,48.096,49.929,51.148,53.028,54.901,50.88,24.494,0,0,0
Lesotho,0.437,0.443,0.369,0.406,0.363,0.29,0.333,0.435,0.494,0.514,0.62,0.703,0.815,0.814,0.859,0.965,0.914,0.963,0.888,0.871,0.847,0.701,0.767,1.109,1.384,1.484,1.519,1.759,1.652,1.937,2.356,2.571,2.465,2.345,2.477,2.207,2.219,2.356,2.342,2.299,2.06,2.465,2.507,2.583
Liberia,0,0,0,0,0,0,0,0,0,0,0,0,0,0,0,0,0,0,0,0,0.863,0.904,0.943,0.714,0.897,0.944,1.109,1.344,1.676,1.765,1.966,2.34,2.675,3.044,3.09,3.092,3.256,3.321,3.264,3.08,3.037,3.509,3.9,4.178
Libya,40.19,34.72,34.616,32.988,30.89,30.384,24.756,23.009,25.87,27.446,31.627,34.995,35.459,31.912,29.719,33.739,36.827,37.702,30.921,37.129,39.498,35.206,21.128,27.026,34.054,48.852,60.094,68.211,86.804,60.809,75.381,48.17,92.542,75.352,57.373,48.718,49.913,67.155,76.681,69.241,46.882,39.007,40.836,43.75
Lithuania,0,0,0,0,0,0,0,0,0,0,0,0,0,0,0,6.696,8.383,10.119,11.24,10.972,11.525,12.238,14.257,18.782,22.624,26.115,30.203,39.764,48.03,37.475,37.195,43.584,42.952,46.537,48.611,41.44,43.035,47.742,53.775,54.703,56.502,65.547,68.031,72.629
Luxembourg,6.434,5.549,4.557,4.473,4.385,4.544,6.611,8.211,9.301,9.903,12.628,13.683,15.328,15.714,17.487,20.571,20.464,18.428,19.263,21.088,21.24,21.388,23.633,29.66,35.049,37.693,42.912,51.593,58.838,54.408,56.26,61.685,59.814,65.204,68.823,60.078,62.2,65.689,71.317,70.203,73.294,86.768,82.154,84.033
Macao SAR,0,0,0,0,0,0,0,0,0,0,0,0,0,0,0,0,0,0,0,0,0,6.86,7.372,8.247,10.643,12.16,14.874,18.44,21.027,21.588,28.242,36.844,43.19,51.536,54.903,45.048,45.071,50.441,55.285,55.205,25.586,29.905,23.42,39.436
Madagascar,5.202,4.759,4.785,4.686,3.906,3.803,4.348,3.213,3.189,3.176,3.931,3.255,3.715,4.063,3.522,3.838,4.932,4.263,4.402,4.278,4.629,5.438,5.352,6.372,5.065,5.859,6.396,8.525,10.725,9.617,9.983,11.552,11.579,12.424,12.523,11.323,11.849,13.176,13.76,14.105,13.056,14.284,15.106,16.063
Malawi,3.022,3.022,2.881,2.986,2.949,2.762,2.883,2.834,3.258,3.715,4.222,5.38,4.394,5.056,2.93,3.412,5.569,6.504,4.275,4.336,4.257,4.178,4.922,4.521,4.895,5.148,5.63,6.24,7.492,8.723,9.796,11.241,8.421,7.648,8.526,9.014,7.733,8.943,9.882,11.031,11.847,12.001,11.554,10.968
Malaysia,26.757,27.321,29.278,32.745,37.087,34.09,30.303,34.529,37.845,41.678,47.236,53.51,64.452,72.866,81.138,96.628,109.854,108.78,78.634,86.203,102.149,101.054,109.833,120.025,135.869,150.356,170.514,202.869,242.08,212.026,258.844,302.643,319.153,328.074,343.088,301.36,301.918,319.249,358.994,365.283,337.612,373.034,434.059,467.459
Maldives,0.063,0.073,0.087,0.094,0.113,0.134,0.158,0.149,0.178,0.201,0.231,0.262,0.306,0.346,0.382,0.466,0.527,0.652,0.693,0.756,0.801,0.767,0.828,1.052,1.227,1.163,1.575,1.868,2.272,2.345,2.588,2.629,2.885,3.286,3.69,4.098,4.367,4.747,5.294,5.598,3.736,5.204,5.9,6.533
Mali,2.031,1.66,1.468,1.418,1.416,1.426,1.981,2.308,2.316,2.827,3.223,3.284,3.372,3.362,2.575,3.337,3.416,3.208,3.328,3.444,2.963,3.468,3.905,4.713,5.452,6.251,6.906,8.157,9.837,10.221,10.698,12.993,12.45,13.243,14.369,13.106,14.022,15.36,17.079,17.281,17.491,19.151,18.434,19.388
Malta,1.202,1.174,1.109,1.083,1.025,1.038,1.348,1.682,1.909,1.999,2.401,2.611,2.906,2.59,2.868,3.38,3.446,3.489,3.697,3.858,4.075,4.089,4.478,5.455,6.102,6.415,6.811,7.989,9.127,8.721,9.043,9.637,9.468,10.551,11.629,11.093,11.665,13.485,15.306,15.728,14.921,17.376,17.156,17.738
Marshall Islands,0,0,0,0,0,0,0,0,0,0,0,0,0,0,0,0,0,0.111,0.114,0.115,0.115,0.122,0.132,0.131,0.133,0.137,0.142,0.148,0.152,0.15,0.16,0.172,0.181,0.185,0.182,0.184,0.201,0.212,0.222,0.236,0.244,0.257,0.271,0.286
Mauritania,0,0,0,0,0,0,0,0,0,0,1.793,2.055,2.164,1.847,1.945,2.092,2.132,2.072,2.027,1.986,1.78,1.746,1.777,2.051,2.362,2.936,4.009,4.328,5.138,4.725,5.637,6.782,6.721,7.331,6.615,6.182,6.414,6.826,7.472,8.065,8.612,9.892,10.091,10.481
Mauritius,1.225,1.163,1.116,1.182,1.094,1.107,1.495,1.893,2.196,2.256,2.706,2.977,3.352,3.455,3.835,4.38,4.529,4.253,4.296,4.536,4.869,4.817,5.055,6.073,6.869,6.775,7.029,8.15,9.99,9.129,10.004,11.518,11.669,12.13,12.803,11.692,12.232,13.259,14.182,14.046,10.921,11.157,11.497,12.404
Mexico,228.606,293.61,213.077,173.714,204.86,217.388,150.513,165.058,201.926,246.079,290.402,348.139,403.733,500.795,527.811,360.096,410.973,500.416,526.522,600.225,707.909,756.693,772.11,729.335,782.243,877.477,975.383,1052.697,1109.987,900.047,1057.801,1180.487,1201.094,1274.444,1315.356,1171.87,1078.493,1158.912,1222.406,1269.01,1089.827,1297.661,1424.533,1476.407
"Micronesia, Fed. States of",0,0,0,0,0,0,0,0,0,0,0,0,0,0,0,0.221,0.218,0.207,0.219,0.22,0.233,0.241,0.242,0.245,0.24,0.25,0.253,0.257,0.263,0.28,0.297,0.311,0.327,0.317,0.319,0.316,0.332,0.367,0.402,0.416,0.412,0.407,0.428,0.453
Moldova,0,0,0,0,0,0,0,0,0,0,0,0,0.864,1.11,1.158,1.441,1.694,1.928,1.697,1.172,1.315,1.481,1.662,1.981,2.598,2.988,3.408,4.401,6.055,5.438,6.977,8.417,8.708,9.496,9.51,7.726,8.072,9.515,11.252,11.737,11.53,13.672,14.048,14.333
Mongolia,2.728,2.854,2.963,3.071,2.837,3.294,3.636,4.086,4.104,4.275,2.678,2.821,1.566,0.771,0.926,1.452,1.348,1.181,1.125,1.057,1.137,1.268,1.397,1.595,1.992,2.523,3.414,4.235,5.623,4.584,7.185,10.41,12.278,12.582,12.227,11.62,11.154,11.481,13.207,14.206,13.313,15.286,15.72,16.596
Montenegro,0,0,0,0,0,0,0,0,0,0,0,0,0,0,0,0,0,0,0,0,0.966,1.15,1.269,1.681,2.073,2.261,2.724,3.686,4.564,4.171,4.146,4.544,4.09,4.466,4.595,4.055,4.376,4.855,5.509,5.543,4.777,5.865,6.127,6.674
Morocco,23.807,19.329,19.51,17.635,16.13,16.28,21.497,23.713,28.08,28.901,32.661,34.94,36.483,34.259,38.532,42.238,46.71,42.366,45.243,45.055,42.053,42.704,45.711,56.345,64.528,67.468,74.284,85.539,100.112,100.535,100.881,109.705,106.345,115.608,119.131,110.414,111.573,118.541,127.341,128.92,121.348,142.867,142.874,150.59
Mozambique,4.615,3.585,3.662,3.28,3.417,4.516,5.301,2.395,2.105,2.199,3.529,3.633,2.64,2.73,2.797,2.9,3.857,4.649,5.264,5.976,5.656,5.399,5.677,6.303,7.631,8.542,9.177,10.451,12.556,11.914,11.105,14.382,16.351,16.974,17.716,15.951,11.937,13.219,14.845,15.39,14.157,15.777,17.873,19.623
Myanmar,0,0,0,0,0,0,0,0,0,0,0,0,0,0,0,0,0,0,5.154,6.439,7.736,7.131,6.921,8.881,10.754,12.126,13.585,17.855,25.47,30.864,38.084,53.916,59,60.903,63.153,62.655,60.09,61.267,66.699,68.802,81.257,65.16,59.53,63.561
Namibia,0,0,0,0,0,0,0,0,0,2.268,2.568,2.841,3.296,3.156,3.537,3.948,3.954,4.11,3.832,3.824,3.941,3.577,3.396,4.974,6.673,7.324,7.711,8.73,8.496,8.915,11.281,12.423,13.016,12.168,12.434,11.45,10.719,12.883,13.676,12.539,10.581,12.307,12.488,13.359
Nauru,0,0,0,0,0,0,0,0,0,0,0,0,0,0,0,0,0,0,0,0,0,0,0,0,0.032,0.031,0.029,0.023,0.037,0.044,0.047,0.066,0.097,0.099,0.105,0.087,0.1,0.11,0.124,0.119,0.114,0.133,0.134,0.138
Nepal,2.258,2.641,2.669,2.92,3.088,3.208,3.49,3.621,4.269,4.316,4.441,4.86,4.416,4.743,4.954,5.378,5.544,6.026,5.992,6.163,6.536,6.719,6.816,7.217,8.296,9.329,10.314,11.775,14.308,14.661,18.25,21.682,21.703,22.161,22.722,24.361,24.524,28.972,33.112,34.186,33.757,35.848,39.028,42.128
Netherlands,193.758,162.4,157.338,153.179,142.578,144.655,201.599,246.928,264.223,260.532,321.405,331.097,366.004,355.931,382.55,452.71,450.625,417.329,438.61,447.493,417.664,431.59,473.527,579.925,658.081,685.727,733.994,848.659,951.766,870.572,848.073,905.111,839.455,877.186,892.398,765.65,783.844,833.575,914.458,910.295,909.065,1013.52,990.583,1019.762
New Zealand,22.523,23.442,23.207,22.456,22.349,22.51,27.393,36.931,45.447,44.097,45.773,43.438,41.53,44.797,52.902,62.263,69.094,68.864,56.813,58.893,54.122,53.13,62.061,82.411,101.599,113.262,109.741,134.878,135.378,121.696,145.363,166.943,175.031,187.145,200.147,176.275,185.953,203.645,209.64,211.105,210.51,246.974,242.7,253.584
Nicaragua,1.832,2.156,2.497,2.9,3.966,3.854,5.8,3.409,1.499,2.082,0.519,3.678,3.894,3.726,3.861,4.14,4.308,4.39,4.635,4.856,5.109,5.335,5.224,5.322,5.793,6.321,6.764,7.423,8.497,8.297,8.759,9.774,10.532,10.983,11.88,12.757,13.286,13.786,13.025,12.611,12.586,14.001,15.695,16.962
Niger,3.531,3.056,2.84,2.538,2.056,2.027,2.68,3.143,3.21,3.068,3.491,3.271,3.372,3.041,1.935,2.296,2.397,2.285,2.639,2.532,2.235,2.442,2.772,3.382,3.746,4.372,4.743,5.716,7.279,7.324,7.838,8.754,9.412,10.206,10.83,9.684,10.35,11.185,12.85,12.912,13.758,14.959,14.639,15.524
Nigeria,0,0,0,0,0,0,0,0,0,0,62.165,60.131,52.275,56.807,80.128,132.23,172.686,187.866,209.677,57.477,67.824,73.128,93.983,102.935,130.345,169.645,222.791,262.215,330.26,297.458,369.062,414.095,460.952,514.966,568.499,492.437,404.649,375.745,421.737,448.12,429.423,441.541,504.203,574.271
North Macedonia ,0,0,0,0,0,0,0,0,0,0,0,0,2.443,2.687,3.561,4.687,4.642,3.928,3.764,3.867,3.774,3.709,3.991,4.946,5.684,6.257,6.86,8.337,9.912,9.4,9.415,10.499,9.751,10.824,11.378,10.067,10.686,11.336,12.694,12.609,12.138,13.889,14.101,15.024
Norway,64.439,63.597,62.647,61.627,62.058,65.417,78.693,94.231,101.901,102.634,119.791,121.872,130.838,120.579,127.132,152.031,163.52,161.357,154.163,162.285,171.246,173.973,195.525,228.858,264.51,308.884,345.579,400.939,462.25,386.188,428.757,498.283,509.506,522.762,498.41,385.802,368.827,398.394,437,404.941,362.198,482.175,504.703,486.374
Oman,7.269,8.849,9.285,9.733,10.726,11.916,9.433,9.89,9.613,10.743,13.395,13,14.274,14.321,14.808,15.821,17.512,18.154,16.044,17.833,22.259,22.206,23.066,24.734,28.379,35.507,42.578,48.3,69.805,55.454,64.994,77.497,87.409,89.936,92.699,78.711,75.129,80.857,91.505,88.061,73.971,85.869,108.969,110.792
Pakistan,34.821,41.192,45.026,42.038,45.639,45.634,46.734,48.848,56.254,58.65,58.862,66.87,71.541,75.718,76.325,89.197,93.145,91.84,91.418,86.573,89.651,87.389,87.933,101.103,118.844,132.833,154.493,171.512,191.425,188.991,199.405,240.385,252.534,260.257,275.063,304.481,313.623,339.229,356.163,321.071,300.41,348.227,376.493,0
Palau,0,0,0,0,0,0,0,0,0,0,0,0,0,0,0,0,0,0,0,0,0.149,0.155,0.162,0.153,0.164,0.183,0.189,0.193,0.194,0.182,0.182,0.193,0.211,0.222,0.241,0.288,0.298,0.286,0.285,0.279,0.252,0.218,0.226,0.272
Panama,4.104,4.645,5.132,5.269,5.5,5.818,6.046,6.073,5.25,5.264,5.723,6.292,7.153,7.812,8.33,8.515,10.04,10.849,11.762,12.326,12.502,12.704,13.204,13.915,15.255,16.638,18.438,21.296,25.156,27.117,29.44,34.686,40.43,45.6,49.921,54.092,57.908,62.203,64.929,66.984,53.977,63.605,71.085,76.382
Papua New Guinea,4.087,4.011,3.805,3.799,3.509,3.25,3.535,3.885,5.4,5.238,4.757,5.596,6.466,7.349,8.077,7.149,7.608,7.272,5.558,5.072,5.169,4.531,4.387,5.488,6.279,7.339,8.355,9.545,11.671,11.619,14.251,17.985,21.295,21.261,23.211,21.723,20.759,22.743,24.11,24.751,24.67,27.339,31.362,33.343
Paraguay,4.095,5.22,5.47,6.069,4.931,4.214,5.032,4.216,5.584,4.046,4.904,6.984,7.158,7.249,7.871,9.062,9.788,9.965,9.26,8.837,8.856,8.496,7.196,7.691,9.624,10.738,13.43,17.856,24.615,22.355,27.129,33.737,33.296,38.651,40.378,36.211,36.09,38.997,40.225,37.907,35.432,38.82,41.855,44.623
Peru,20.19,24.398,24.259,18.863,19.442,16.823,25.241,41.681,32.978,40.699,28.326,33.988,35.377,34.33,43.225,51.38,53.412,56.281,53.918,48.719,50.414,51.034,53.954,58.537,66.126,74.232,87.459,102.187,121.25,121.763,148.945,170.923,193.1,202.584,202.88,192.025,195.463,215.681,226.795,232.345,205.82,225.938,239.333,253.757
Philippines,37.082,40.735,42.441,37.953,35.86,34.973,34.129,37.932,43.293,48.652,50.508,51.784,60.422,62.037,73.159,84.644,94.65,94.106,74.492,85.64,83.667,78.921,84.307,87.039,95.002,107.422,127.653,155.98,181.007,176.132,208.369,234.217,261.92,283.903,297.484,306.446,318.627,328.481,346.842,376.823,361.751,394.086,401.662,425.655
Poland,56.731,53.752,65.315,75.555,75.656,70.915,73.822,63.84,68.747,67.027,62.206,80.61,88.888,90.544,103.887,139.363,156.993,157.493,172.389,168.13,171.613,190.805,199.07,217.829,255.292,306.304,344.627,429.021,533.6,439.794,479.834,528.292,498.517,521.013,542.602,477.488,472.256,526.643,587.433,597.194,599.798,679.067,716.305,753.875
Portugal,32.607,32.477,30.678,28.267,25.951,27.231,37.869,47.387,55.435,59.806,79.439,89.904,108.119,95.139,99.692,118.182,122.655,117.211,124.124,127.597,118.658,121.605,134.7,165.185,189.296,197.363,208.767,240.524,263.388,244.402,238.308,245.075,216.361,226.437,229.961,199.414,206.369,221.28,242.423,240.013,228.356,250.055,255.854,261.173
Puerto Rico,14.436,15.956,16.764,17.277,19.163,20.289,21.969,23.878,26.178,28.267,30.604,32.287,34.63,36.923,39.691,42.647,45.341,48.187,54.086,57.841,61.702,69.669,72.546,75.834,80.322,83.915,87.276,89.524,93.639,96.386,98.381,100.352,101.565,102.45,102.446,103.376,104.337,103.446,104.925,104.915,103.138,108.476,118.677,123.35
Qatar,6.665,7.374,6.467,5.506,5.708,5.339,4.214,4.441,4.26,4.502,6.266,5.579,6.384,5.804,5.946,6.861,7.761,9.976,8.488,11.266,18.085,17.498,19.334,23.716,30.651,44.636,58.629,75.987,112.621,88.196,119.707,167.775,186.834,198.728,206.225,161.74,151.732,161.099,183.335,176.371,144.411,179.677,221.369,234.032
Romania,46.053,55.319,55.375,48.401,39.111,48.286,52.29,58.477,60.538,54.236,38.516,29.07,19.779,26.624,30.376,35.838,35.692,35.644,42.543,35.953,37.281,40.395,46.065,57.806,74.974,98.454,122.024,174.589,214.317,174.102,166.309,183.326,170.636,190.8,199.961,177.731,188.13,211.696,241.456,249.88,249.512,284.086,299.885,311.546
Russian Federation,0,0,0,0,0,0,0,0,0,0,1045.455,856.322,71.603,196.227,293.768,335.777,412.685,433.704,287.672,209.657,278.264,328.475,370.062,461.518,633.294,817.717,1060.901,1393.416,1779.109,1307.927,1633.111,2046.621,2191.484,2288.428,2048.836,1356.704,1280.648,1575.14,1653.006,1695.724,1484.416,1778.53,2133.092,2136.222
Rwanda,1.493,1.695,1.808,1.932,1.851,2.199,2.49,2.765,2.959,3.09,2.954,2.179,2.313,2.231,1.418,1.47,1.593,2.144,2.29,2.131,2.049,1.967,1.961,2.137,2.388,2.943,3.317,4.068,5.179,5.671,6.122,6.881,7.651,7.816,8.235,8.542,8.691,9.253,9.643,10.355,10.185,11.067,12.098,13.116
Saint Kitts and Nevis,0.058,0.069,0.079,0.078,0.091,0.101,0.119,0.136,0.161,0.179,0.203,0.201,0.223,0.243,0.272,0.293,0.312,0.351,0.366,0.389,0.421,0.458,0.481,0.469,0.507,0.547,0.644,0.689,0.778,0.774,0.779,0.836,0.826,0.875,0.954,0.958,1.009,1.061,1.079,1.165,0.981,0.95,1.115,1.201
Saint Lucia,0.17,0.194,0.183,0.197,0.251,0.284,0.34,0.375,0.429,0.486,0.579,0.613,0.674,0.684,0.713,0.762,0.788,0.805,0.877,0.921,0.932,0.892,0.899,0.987,1.066,1.135,1.267,1.331,1.427,1.399,1.482,1.568,1.598,1.66,1.749,1.807,1.865,1.997,2.057,2.094,1.516,1.691,1.972,2.153
Saint Vincent and the Grenadines,0.089,0.11,0.123,0.132,0.146,0.157,0.174,0.19,0.217,0.232,0.26,0.275,0.3,0.309,0.313,0.341,0.358,0.376,0.403,0.422,0.428,0.462,0.488,0.509,0.55,0.58,0.644,0.714,0.733,0.714,0.72,0.714,0.73,0.765,0.771,0.787,0.814,0.848,0.884,0.91,0.872,0.881,0.948,1.047
Samoa,0.127,0.119,0.122,0.113,0.111,0.106,0.112,0.124,0.138,0.141,0.182,0.176,0.193,0.198,0.158,0.242,0.258,0.28,0.286,0.262,0.271,0.273,0.289,0.342,0.418,0.486,0.516,0.568,0.684,0.618,0.68,0.744,0.773,0.798,0.797,0.824,0.844,0.885,0.878,0.913,0.869,0.844,0.83,0.835
San Marino,0,0,0,0,0,0,0,0,0,0,0,0,0,0,0,0,0,0,0,0,1.008,1.06,1.148,1.462,1.714,1.788,1.91,2.189,2.403,2.062,1.883,1.813,1.606,1.678,1.674,1.42,1.468,1.528,1.656,1.616,1.543,1.703,1.623,1.621
Saudi Arabia,164.539,184.292,153.24,129.181,119.631,103.894,86.886,85.582,88.138,95.217,117.473,132.047,136.905,132.79,134.995,143.152,158.451,165.742,146.775,161.717,189.514,184.138,189.606,215.807,258.742,328.206,376.398,415.687,519.797,429.098,528.207,671.239,735.975,746.647,756.35,654.27,644.935,688.586,816.578,803.616,703.368,833.541,1010.588,996.39
Senegal,4.338,3.934,3.85,3.435,3.35,3.668,5.188,6.241,6.173,6.083,7.078,6.955,7.435,7.014,4.746,6.026,6.3,5.867,6.416,6.599,6.016,6.508,7.001,8.767,10.072,11.015,11.699,13.996,16.852,16.128,16.134,17.811,17.672,18.919,19.802,17.777,19.035,20.989,23.127,23.405,24.534,27.64,27.542,29.773
Serbia,0,0,0,0,0,0,0,0,0,0,0,0,0,0,0,0,0,22.228,17.411,11.369,9.312,12.313,16.177,21.219,24.743,27.496,32.602,43.395,52.094,45.156,41.369,49.28,43.3,48.394,47.062,39.656,40.693,44.179,50.641,51.514,53.335,63.068,62.721,68.679
Seychelles,0.147,0.154,0.148,0.147,0.151,0.169,0.208,0.249,0.284,0.305,0.369,0.374,0.434,0.474,0.486,0.508,0.503,0.563,0.608,0.623,0.615,0.622,0.698,0.706,0.839,0.919,1.016,1.034,0.998,0.847,0.97,1.018,1.06,1.328,1.388,1.416,1.49,1.573,1.629,1.683,1.262,1.457,2.005,2.128
Sierra Leone,1.701,1.823,2.05,1.782,2.062,1.755,1.314,1.145,1.877,1.724,0.948,1.138,0.992,1.122,1.331,1.273,1.374,1.24,0.981,0.977,0.941,1.084,1.25,1.38,1.439,1.61,1.884,2.159,2.511,2.454,2.578,2.942,3.802,4.916,5.007,4.252,3.855,3.713,4.085,4.074,4.059,4.148,4.101,3.999
Singapore,12.082,14.367,15.879,18.011,19.563,18.573,18.78,21.629,26.551,31.436,38.892,45.465,52.131,60.604,73.689,87.813,96.293,100.124,85.728,86.287,96.077,89.794,92.538,97.646,115.034,127.808,148.627,180.942,193.617,194.15,239.808,279.357,295.093,307.576,314.864,307.999,318.822,343.187,376.987,375.484,345.286,396.992,423.632,447.159
Slovak Republic,0,0,0,0,0,0,0,0,0,0,0,0,0,13.726,15.837,20.034,21.659,21.927,22.825,20.867,20.73,21.421,24.888,34.085,43.19,49.116,57.492,77.239,97.17,89.302,90.875,99.475,94.313,98.571,101.115,88.646,89.65,95.36,105.661,105.296,105.088,114.947,112.418,122.026
Slovenia,0,0,0,0,0,0,0,0,0,0,0,0,19.271,16.626,16.845,21.384,21.516,20.805,22.168,22.77,20.393,20.901,23.539,29.673,34.448,36.261,39.514,48.073,55.773,50.513,48.248,51.575,46.607,48.416,50.01,43.112,44.754,48.572,54.202,54.338,53.664,61.79,62.191,65.202
Solomon Islands,0.183,0.194,0.193,0.181,0.182,0.166,0.148,0.155,0.176,0.173,0.215,0.228,0.269,0.301,0.403,0.469,0.511,0.527,0.458,0.488,0.42,0.41,0.346,0.353,0.398,0.477,0.539,0.62,0.699,0.736,0.847,1.05,1.185,1.286,1.336,1.308,1.379,1.47,1.615,1.619,1.536,1.632,1.601,1.702
Somalia,0,0,0,0,0,0,0,0,0,0,0,0,0,0,0,0,0,0,0,0,0,0,0,0,0,0,0,0,0,0,0,3.917,4.042,4.577,5.025,5.335,5.534,5.609,5.856,6.485,6.883,7.628,8.416,9.011
South Africa,89.412,93.15,85.897,96.205,84.838,64.481,73.399,96.533,104.01,108.07,126.027,135.227,146.97,147.236,153.569,171.736,163.34,169.004,152.885,151.426,151.855,135.527,129.385,197.017,256.188,288.749,304.055,332.65,316.491,331.184,417.315,458.708,434.4,400.877,381.195,346.663,323.493,381.317,403.991,388.446,337.521,418.907,411.48,422.336
"South Sudan, Republic of",0,0,0,0,0,0,0,0,0,0,0,0,0,0,0,0,0,0,0,0,0,0,0,0,0,0,0,0,0,0,0,17.186,11.267,14.947,15.383,14.801,3.501,3.495,4.659,5.319,6.71,5.167,4.784,8.549
Spain,230.759,204.588,197.643,172.856,172.381,181.62,251.304,318.389,374.068,412.59,535.652,576.446,630.122,529.319,531.137,613.946,640.026,589.376,618.414,635.968,598.628,627.834,708.256,907.264,1068.57,1154.354,1260.466,1474.176,1631.685,1489.853,1423.27,1480.45,1325.583,1355.162,1371.576,1195.721,1232.573,1312.076,1421.639,1393.2,1280.459,1426.224,1389.927,1421.012
Sri Lanka,5.194,5.404,5.834,6.298,7.382,7.302,7.826,8.149,8.518,8.55,9.787,10.716,11.553,12.351,14.245,15.127,16.592,18.544,19.05,19.143,20.007,19.236,20.238,22.352,24.423,28.88,33.447,38.27,48.177,49.75,58.643,67.725,70.392,76.934,82.483,85.091,88,94.376,94.484,89.015,85.349,88.979,73.739,0
Sudan,9.095,6.53,4.748,6.485,7.992,5.547,7.4,11.964,9.551,16.853,2.245,2.528,3.1,5.246,5.961,6.694,8.377,10.241,10.924,10.714,13.134,15.716,18.137,21.355,26.646,35.183,45.264,59.44,64.833,54.812,65.716,66.448,48.948,52.892,60.726,64.534,64.888,48.906,33.432,33.564,34.379,35.14,42.762,44.514
Suriname,1.276,1.427,1.469,1.419,1.387,1.402,1.43,1.573,1.864,2.177,0.577,0.637,0.59,0.465,0.523,0.993,1.234,1.322,1.588,1.308,1.355,1.167,1.474,1.729,2,2.393,2.812,3.144,3.783,4.15,4.677,4.735,5.332,5.51,5.612,5.126,3.317,3.592,3.996,3.984,2.884,2.854,3.011,3.145
Sweden,140.384,128.148,113.059,103.89,108.255,113.249,149.633,181.991,205.883,216.691,259.9,272.205,283.228,212.953,229.034,267.307,291.746,268.146,270.81,274.071,262.834,242.395,266.848,334.337,385.119,392.219,423.091,491.255,517.706,436.536,495.813,574.094,552.484,586.842,581.964,505.104,515.655,541.019,555.455,533.88,547.054,635.664,603.922,653.962
Switzerland,122.466,112.129,114.891,114.517,109.4,110.965,159.074,199.086,215.36,208.135,265.911,269.003,279.764,272.006,301.246,352.97,340.188,294.733,303.139,297.536,279.182,286.712,309.516,362.132,403.417,418.051,441.664,490.825,566.928,553.671,598.199,715.671,686.362,706.414,726.66,693.882,687.567,695.293,725.788,721.851,738.998,799.796,807.418,834.596
Syria,12.98,16.652,17.415,18.649,19.171,21.177,25.428,32.497,16.538,9.849,12.303,12.738,13.263,13.796,15.105,16.556,17.761,16.573,16.144,16.785,19.861,20.979,22.758,21.702,25.204,28.881,33.824,40.488,52.631,53.939,60.043,0,0,0,0,0,0,0,0,0,0,0,0,0
São Tomé and Príncipe,0.069,0.084,0.081,0.076,0.079,0.083,0.117,0.117,0.1,0.099,0.12,0.108,0.096,0.127,0.132,0.104,0.136,0.093,0.073,0.078,0.077,0.072,0.08,0.096,0.104,0.125,0.133,0.145,0.188,0.188,0.197,0.233,0.253,0.303,0.349,0.318,0.348,0.376,0.416,0.431,0.477,0.518,0.506,0.534
Taiwan Province of China,42.285,48.969,49.535,54.148,61.071,63.617,78.195,105.039,126.473,152.704,166.622,187.14,222.911,236.339,256.247,279.059,292.494,303.284,279.964,303.83,330.68,299.276,307.439,317.381,346.924,374.06,386.45,406.907,415.901,390.829,444.281,483.974,495.61,512.943,535.328,534.515,543.081,590.733,609.198,611.396,669.25,774.728,828.659,858.972
Tajikistan,0,0,0,0,0,0,0,0,0,0,0,0,0.291,0.678,0.829,0.569,1.052,1.121,1.32,1.087,0.991,1.057,1.212,1.555,2.073,2.311,2.811,3.712,5.135,4.977,5.642,6.523,7.592,8.506,9.242,7.857,6.994,7.535,7.762,8.301,8.134,8.746,9.983,10.509
Tanzania,10.873,13.005,14.932,15.294,13.915,12.556,15.874,7.821,7.474,6.444,5.172,6.019,5.588,5.17,5.478,6.382,7.889,9.341,11.481,11.777,12.369,12.61,13.125,14.159,15.576,17.174,18.867,21.807,27.762,28.985,31.533,34.067,39.651,45.681,50.002,47.384,49.774,53.227,56.699,60.81,64.403,70.309,76.582,84.932
Thailand,33.422,35.999,37.799,41.366,43.179,40.185,44.52,52.204,63.704,74.637,88.467,101.247,115.576,128.889,146.684,169.279,183.035,150.18,113.676,126.539,126.132,120.105,134.177,152.142,172.752,189.084,221.579,263.007,290.97,281.399,340.928,370.929,397.722,420.364,407.373,401.142,413.497,456.523,506.547,544.027,499.75,505.902,534.758,580.688
Timor-Leste,0,0,0,0,0,0,0,0,0,0,0,0,0,0,0,0,0,0,0,0,0.367,0.477,0.47,0.49,0.441,0.462,0.454,0.543,0.648,0.727,0.882,1.042,1.16,1.396,1.447,1.594,1.651,1.616,1.584,2.048,1.902,2.358,2.455,2.085
Togo,1.994,1.656,1.396,1.33,1.222,1.281,1.795,2.107,2.345,2.302,2.772,2.74,2.873,2.189,1.697,2.24,2.448,2.494,2.361,2.37,2.014,2,2.301,2.854,3.048,3.08,3.173,3.592,4.483,4.554,4.63,5.223,5.229,5.831,6.174,5.641,6.03,6.393,7.115,7.221,7.586,8.43,8.359,8.986
Tonga,0.071,0.079,0.079,0.077,0.081,0.076,0.09,0.098,0.115,0.139,0.144,0.169,0.178,0.183,0.189,0.207,0.218,0.222,0.212,0.197,0.203,0.181,0.183,0.202,0.231,0.262,0.292,0.299,0.344,0.312,0.367,0.415,0.471,0.451,0.44,0.437,0.421,0.46,0.481,0.511,0.49,0.47,0.501,0.536
Trinidad and Tobago,6.343,7.113,8.28,7.898,7.891,7.503,4.877,4.88,4.574,4.397,5.155,5.399,5.533,4.656,5.032,5.421,5.859,5.837,6.148,6.925,8.295,8.96,9.148,11.464,13.472,16.17,18.6,22.006,28.233,19.562,22.522,25.789,25.782,27.294,27.643,25.192,22.382,23.18,23.821,23.886,21.393,23.994,29.337,29.337
Tunisia,9.566,9.223,8.9,9.202,9.054,9.245,9.91,10.663,11.073,11.069,14.133,14.897,17.809,16.724,17.886,20.616,22.324,21.762,22.87,24.066,22.524,23.146,24.274,28.797,32.71,33.851,36.059,40.819,47.039,45.593,46.21,48.122,47.311,48.681,50.273,45.779,44.36,42.167,42.687,41.772,42.516,46.842,46.282,46.023
Turkmenistan,0,0,0,0,0,0,0,0,0,0,0,0,1.607,9.063,7.675,9.927,4.021,4.531,4.837,6.518,8.487,11.717,14.703,19.307,23.991,29.023,36.154,43.875,36.363,34.162,34.788,44.07,49.858,51.301,55.523,44.06,41.698,46.365,48.686,52.961,53.187,62.202,74.439,82.365
Tuvalu,0,0,0,0,0,0,0,0,0,0,0,0,0,0,0,0,0,0,0,0,0.015,0.014,0.017,0.02,0.023,0.023,0.024,0.029,0.032,0.028,0.032,0.04,0.039,0.039,0.039,0.037,0.041,0.045,0.048,0.054,0.055,0.063,0.064,0.068
"Türkiye, Republic of",96.596,97.865,88.918,84.968,82.642,92.827,102.337,118.926,125.032,147.727,207.508,208.402,219.176,248.573,179.359,233.566,250.486,261.857,275.834,256.566,274.321,202.248,240.191,314.752,409.127,506.186,555.126,680.489,770.82,648.797,776.558,838.508,880.141,957.504,938.512,864.071,869.28,858.932,779.694,759.45,720.11,817.508,853.487,941.551
Uganda,7.486,12.12,8.41,9.619,7.399,6.771,6.746,10.878,11.268,9.136,7.452,3.897,3.645,4.311,6.24,7.473,7.713,8.407,8.23,7.823,7.756,7.835,8.425,8.725,10.75,12.46,14.079,17.512,22.419,24.107,24.683,27.501,30.939,32.331,33.122,27.65,29.596,31.403,34.182,38.059,37.519,42.959,48.352,52.397
Ukraine,0,0,0,0,0,0,0,0,0,0,0,0,22.193,35.025,38.012,38.275,46.083,51.867,43.315,32.661,32.331,37.863,42.339,50.096,64.752,85.996,107.767,143.26,181.313,117.079,136.011,163.161,175.707,179.574,130.571,90.477,93.313,112.114,130.916,153.997,156.418,199.719,0,0
United Arab Emirates,40.415,45.002,41.848,38.345,38.012,37.31,29.568,32.466,32.999,38.09,49.09,49.821,52.208,53.438,57.45,63.637,70.991,76.199,73.394,82.865,103.893,103.312,109.816,124.346,147.824,180.617,222.117,257.916,315.475,253.547,289.787,350.666,374.591,390.108,403.137,358.135,357.045,385.605,422.215,417.216,358.869,419.762,503.913,519.046
United Kingdom,603.601,587.273,558.348,532.115,504.226,536.592,654.684,813.147,990.234,1008.433,1195.372,1250.282,1292.094,1157.501,1244.009,1346.687,1422.969,1559.896,1653.549,1686.179,1665.276,1644.331,1786.893,2058.967,2422.908,2547.689,2720.887,3107.373,2969.961,2434.48,2493.557,2675.808,2719.642,2805.115,3088.773,2957.227,2732.956,2701.268,2904.513,2880.357,2758.87,3187.626,3198.47,3479.468
United States,2857.325,3207.025,3343.8,3634.025,4037.65,4339,4579.625,4855.25,5236.425,5641.6,5963.125,6158.125,6520.325,6858.55,7287.25,7639.75,8073.125,8577.55,9062.825,9631.175,10250.95,10581.925,10929.1,11456.45,12217.175,13039.2,13815.6,14474.25,14769.85,14478.05,15048.975,15599.725,16253.95,16843.225,17550.675,18206.025,18695.1,19479.625,20527.15,21372.6,20893.75,22996.075,25035.164,26185.21
Uruguay,12.165,13.578,11.1,6.093,5.794,5.662,7.029,8.794,9.098,9.589,11.156,13.445,15.45,17.987,20.95,23.168,24.625,26.044,27.587,26.066,24.804,22.712,14.809,13.109,14.892,18.901,21.314,25.486,32.988,34.395,43.816,52.319,55.556,62.094,61.851,57.435,57.246,64.385,64.296,61.017,53.698,59.294,71.161,72.986
Uzbekistan,0,0,0,0,0,0,0,0,0,0,0,0,4.476,6.897,8.175,12.746,17.453,18.433,18.738,21.362,17.195,14.581,12.106,12.697,15.045,17.939,21.344,27.963,35.858,41.945,49.772,60.213,67.52,73.192,80.848,85.662,85.658,61.018,52.618,59.907,59.893,69.202,79.117,91.895
Vanuatu,0.121,0.114,0.114,0.117,0.144,0.132,0.128,0.139,0.158,0.154,0.169,0.201,0.209,0.2,0.234,0.249,0.261,0.273,0.262,0.268,0.272,0.257,0.262,0.315,0.365,0.39,0.435,0.517,0.582,0.59,0.652,0.738,0.736,0.755,0.774,0.744,0.775,0.88,0.929,0.93,0.994,0.927,0.984,1.04
Venezuela,69.841,78.367,79.998,79.672,57.826,59.865,60.877,46.854,60.378,44.672,48.391,53.382,60.4,59.865,58.357,77.427,70.536,85.684,91.836,97.517,117.596,123.119,95.258,83.684,112.254,143.375,178.521,232.857,306.764,268.624,318.281,316.482,372.75,258.986,214.869,125.446,112.912,115.883,102.084,74.418,44.953,59.513,82.145,86.704
Vietnam,35.357,17.617,23.369,35.204,61.171,19.045,43.009,53.385,29.501,7.991,8.217,9.704,12.528,16.736,20.712,26.407,31.352,34.146,34.58,36.444,39.585,41.297,44.563,50.233,62.877,73.197,84.301,98.426,124.756,129.022,143.212,171.312,195.169,212.728,232.888,236.795,252.146,277.071,303.091,327.873,342.941,366.201,413.808,469.62
West Bank and Gaza,0,0,0,0,0,0,0,0,0,0,0,0,0,0,2.843,3.283,3.41,3.76,4.068,4.271,4.314,4.004,3.556,3.968,4.603,5.126,5.348,5.816,7.31,8.086,9.682,11.186,12.208,13.516,13.99,13.972,15.405,16.128,16.277,17.134,15.532,18.037,18.818,19.398
Yemen,0,0,0,0,0,0,0,0,0,0,12.644,14.665,17.959,21.737,28.019,12.796,6.496,6.838,6.322,7.639,9.679,9.853,10.693,11.778,13.868,16.732,19.063,21.651,26.911,25.13,30.907,32.726,35.401,40.415,43.229,42.444,31.318,26.842,21.606,21.888,18.85,19.911,27.594,28.099
Zambia,4.246,4.385,4.232,3.653,3.003,2.848,1.962,2.431,4.095,4.365,4.085,3.69,3.614,3.549,3.657,3.799,3.599,4.303,3.538,3.405,3.601,3.87,4.194,4.902,6.221,8.329,12.762,14.06,17.914,15.332,20.264,23.455,25.502,28.042,27.145,21.245,20.965,25.874,26.312,23.309,18.111,21.313,27.025,28.798
Zimbabwe,0,0,0,0,0,0,0,0,0,0,10.144,9.45,7.793,7.569,7.959,8.263,10.117,10.386,12.099,11.769,11.34,11.244,10.735,9.574,9.465,9.046,8.141,7.785,6.707,9.666,12.042,14.1,17.116,19.093,19.499,19.969,20.555,21.385,36.945,22.995,23.181,32.868,38.28,37.303
,,,,,,,,,,,,,,,,,,,,,,,,,,,,,,,,,,,,,,,,,,,,
,,,,,,,,,,,,,,,,,,,,,,,,,,,,,,,,,,,,,,,,,,,,
,,,,,,,,,,,,,,,,,,,,,,,,,,,,,,,,,,,,,,,,,,,,
,,,,,,,,,,,,,,,,,,,,,,,,,,,,,,,,,,,,,,,,,,,,
,,,,,,,,,,,,,,,,,,,,,,,,,,,,,,,,,,,,,,,,,,,,
,,,,,,,,,,,,,,,,,,,,,,,,,,,,,,,,,,,,,,,,,,,,
,,,,,,,,,,,,,,,,,,,,,,,,,,,,,,,,,,,,,,,,,,,,
,,,,,,,,,,,,,,,,,,,,,,,,,,,,,,,,,,,,,,,,,,,,
,,,,,,,,,,,,,,,,,,,,,,,,,,,,,,,,,,,,,,,,,,,,
,,,,,,,,,,,,,,,,,,,,,,,,,,,,,,,,,,,,,,,,,,,,
,,,,,,,,,,,,,,,,,,,,,,,,,,,,,,,,,,,,,,,,,,,,
,,,,,,,,,,,,,,,,,,,,,,,,,,,,,,,,,,,,,,,,,,,,
,,,,,,,,,,,,,,,,,,,,,,,,,,,,,,,,,,,,,,,,,,,,
,,,,,,,,,,,,,,,,,,,,,,,,,,,,,,,,,,,,,,,,,,,,
,,,,,,,,,,,,,,,,,,,,,,,,,,,,,,,,,,,,,,,,,,,,
,,,,,,,,,,,,,,,,,,,,,,,,,,,,,,,,,,,,,,,,,,,,
,,,,,,,,,,,,,,,,,,,,,,,,,,,,,,,,,,,,,,,,,,,,
,,,,,,,,,,,,,,,,,,,,,,,,,,,,,,,,,,,,,,,,,,,,
,,,,,,,,,,,,,,,,,,,,,,,,,,,,,,,,,,,,,,,,,,,,
,,,,,,,,,,,,,,,,,,,,,,,,,,,,,,,,,,,,,,,,,,,,
,,,,,,,,,,,,,,,,,,,,,,,,,,,,,,,,,,,,,,,,,,,,
,,,,,,,,,,,,,,,,,,,,,,,,,,,,,,,,,,,,,,,,,,,,
,,,,,,,,,,,,,,,,,,,,,,,,,,,,,,,,,,,,,,,,,,,,
,,,,,,,,,,,,,,,,,,,,,,,,,,,,,,,,,,,,,,,,,,,,
,,,,,,,,,,,,,,,,,,,,,,,,,,,,,,,,,,,,,,,,,,,,
,,,,,,,,,,,,,,,,,,,,,,,,,,,,,,,,,,,,,,,,,,,,
,,,,,,,,,,,,,,,,,,,,,,,,,,,,,,,,,,,,,,,,,,,,
,,,,,,,,,,,,,,,,,,,,,,,,,,,,,,,,,,,,,,,,,,,,
,,,,,,,,,,,,,,,,,,,,,,,,,,,,,,,,,,,,,,,,,,,,
,,,,,,,,,,,,,,,,,,,,,,,,,,,,,,,,,,,,,,,,,,,,
,,,,,,,,,,,,,,,,,,,,,,,,,,,,,,,,,,,,,,,,,,,,
,,,,,,,,,,,,,,,,,,,,,,,,,,,,,,,,,,,,,,,,,,,,
,,,,,,,,,,,,,,,,,,,,,,,,,,,,,,,,,,,,,,,,,,,,
"©IMF, 2022",,,,,,,,,,,,,,,,,,,,,,,,,,,,,,,,,,,,,,,,,,,,
